rank,repair,human_review,abstain,high_stakes_review,direct_low_probability_abstain,high_stakes_criticality,exact_action_accuracy,unsafe_automation_rate,unsafe_execution_rate,severe_unsafe_execution_rate,appropriate_escalation_recall,safe_automation_coverage,over_escalation_rate,automation_rate,human_review_rate,abstention_rate,self_repair_rate,execute_rate,feasible,constraint_violation,selected
1,0.24,0.46,0.72,0.34,0.68,0.85,0.7441666666666666,0.38413685847589424,0.08303249097472924,0.0,0.8747464503042597,0.9252336448598131,0.07476635514018691,0.2679166666666667,0.15541666666666668,0.5766666666666667,0.1525,0.11541666666666667,True,0.0,True
2,0.24,0.46,0.76,0.34,0.68,0.85,0.7425,0.38413685847589424,0.08303249097472924,0.0,0.8747464503042597,0.9252336448598131,0.07476635514018691,0.2679166666666667,0.16125,0.5708333333333333,0.1525,0.11541666666666667,True,0.0,False
3,0.24,0.46,0.8,0.34,0.68,0.85,0.7420833333333333,0.38413685847589424,0.08303249097472924,0.0,0.8747464503042597,0.9252336448598131,0.07476635514018691,0.2679166666666667,0.16416666666666666,0.5679166666666666,0.1525,0.11541666666666667,True,0.0,False
4,0.24,0.48,0.72,0.34,0.68,0.85,0.7416666666666667,0.39203675344563554,0.08303249097472924,0.0,0.8701825557809331,0.927570093457944,0.07242990654205607,0.27208333333333334,0.15125,0.5766666666666667,0.15666666666666668,0.11541666666666667,True,0.0,False
5,0.24,0.46,0.72,0.34,0.72,0.85,0.74125,0.38413685847589424,0.08303249097472924,0.0,0.8747464503042597,0.9252336448598131,0.07476635514018691,0.2679166666666667,0.15833333333333333,0.57375,0.1525,0.11541666666666667,True,0.0,False
6,0.24,0.48,0.76,0.34,0.68,0.85,0.74,0.39203675344563554,0.08303249097472924,0.0,0.8701825557809331,0.927570093457944,0.07242990654205607,0.27208333333333334,0.15708333333333332,0.5708333333333333,0.15666666666666668,0.11541666666666667,True,0.0,False
7,0.24,0.48,0.8,0.34,0.68,0.85,0.7395833333333334,0.39203675344563554,0.08303249097472924,0.0,0.8701825557809331,0.927570093457944,0.07242990654205607,0.27208333333333334,0.16,0.5679166666666666,0.15666666666666668,0.11541666666666667,True,0.0,False
8,0.24,0.46,0.72,0.34,0.76,0.85,0.7395833333333334,0.38413685847589424,0.08303249097472924,0.0,0.8747464503042597,0.9252336448598131,0.07476635514018691,0.2679166666666667,0.16166666666666665,0.5704166666666667,0.1525,0.11541666666666667,True,0.0,False
9,0.24,0.46,0.76,0.34,0.72,0.85,0.7391666666666666,0.38413685847589424,0.08303249097472924,0.0,0.8747464503042597,0.9252336448598131,0.07476635514018691,0.2679166666666667,0.16458333333333333,0.5675,0.1525,0.11541666666666667,True,0.0,False
10,0.24,0.48,0.72,0.34,0.72,0.85,0.73875,0.39203675344563554,0.08303249097472924,0.0,0.8701825557809331,0.927570093457944,0.07242990654205607,0.27208333333333334,0.15416666666666667,0.57375,0.15666666666666668,0.11541666666666667,True,0.0,False
11,0.24,0.46,0.8,0.34,0.72,0.85,0.73875,0.38413685847589424,0.08303249097472924,0.0,0.8747464503042597,0.9252336448598131,0.07476635514018691,0.2679166666666667,0.1675,0.5645833333333333,0.1525,0.11541666666666667,True,0.0,False
12,0.24,0.5,0.72,0.34,0.68,0.85,0.7375,0.40536512667660207,0.08303249097472924,0.0,0.8620689655172413,0.9322429906542056,0.06775700934579439,0.27958333333333335,0.14375,0.5766666666666667,0.16416666666666666,0.11541666666666667,True,0.0,False
13,0.24,0.48,0.72,0.34,0.76,0.85,0.7370833333333333,0.39203675344563554,0.08303249097472924,0.0,0.8701825557809331,0.927570093457944,0.07242990654205607,0.27208333333333334,0.1575,0.5704166666666667,0.15666666666666668,0.11541666666666667,True,0.0,False
14,0.24,0.46,0.76,0.34,0.76,0.85,0.7370833333333333,0.38413685847589424,0.08303249097472924,0.0,0.8747464503042597,0.9252336448598131,0.07476635514018691,0.2679166666666667,0.16833333333333333,0.56375,0.1525,0.11541666666666667,True,0.0,False
15,0.24,0.48,0.76,0.34,0.72,0.85,0.7366666666666667,0.39203675344563554,0.08303249097472924,0.0,0.8701825557809331,0.927570093457944,0.07242990654205607,0.27208333333333334,0.16041666666666668,0.5675,0.15666666666666668,0.11541666666666667,True,0.0,False
16,0.24,0.46,0.72,0.38,0.68,0.85,0.73625,0.3988005997001499,0.08303249097472924,0.0,0.8651115618661258,0.9369158878504673,0.0630841121495327,0.27791666666666665,0.14541666666666667,0.5766666666666667,0.1625,0.11541666666666667,True,0.0,False
17,0.24,0.48,0.8,0.34,0.72,0.85,0.73625,0.39203675344563554,0.08303249097472924,0.0,0.8701825557809331,0.927570093457944,0.07242990654205607,0.27208333333333334,0.16333333333333333,0.5645833333333333,0.15666666666666668,0.11541666666666667,True,0.0,False
18,0.24,0.46,0.8,0.34,0.76,0.85,0.73625,0.38413685847589424,0.08303249097472924,0.0,0.8747464503042597,0.9252336448598131,0.07476635514018691,0.2679166666666667,0.17166666666666666,0.5604166666666667,0.1525,0.11541666666666667,True,0.0,False
19,0.24,0.5,0.76,0.34,0.68,0.85,0.7358333333333333,0.40536512667660207,0.08303249097472924,0.0,0.8620689655172413,0.9322429906542056,0.06775700934579439,0.27958333333333335,0.14958333333333335,0.5708333333333333,0.16416666666666666,0.11541666666666667,True,0.0,False
20,0.24,0.5,0.8,0.34,0.68,0.85,0.7354166666666667,0.40536512667660207,0.08303249097472924,0.0,0.8620689655172413,0.9322429906542056,0.06775700934579439,0.27958333333333335,0.1525,0.5679166666666666,0.16416666666666666,0.11541666666666667,True,0.0,False
21,0.2,0.46,0.72,0.34,0.68,0.85,0.735,0.38413685847589424,0.06837606837606838,0.0,0.8747464503042597,0.9252336448598131,0.07476635514018691,0.2679166666666667,0.15541666666666668,0.5766666666666667,0.17041666666666666,0.0975,True,0.0,False
22,0.24,0.5,0.72,0.34,0.72,0.85,0.7345833333333334,0.40536512667660207,0.08303249097472924,0.0,0.8620689655172413,0.9322429906542056,0.06775700934579439,0.27958333333333335,0.14666666666666667,0.57375,0.16416666666666666,0.11541666666666667,True,0.0,False
23,0.24,0.46,0.76,0.38,0.68,0.85,0.7345833333333334,0.3988005997001499,0.08303249097472924,0.0,0.8651115618661258,0.9369158878504673,0.0630841121495327,0.27791666666666665,0.15125,0.5708333333333333,0.1625,0.11541666666666667,True,0.0,False
24,0.24,0.48,0.76,0.34,0.76,0.85,0.7345833333333334,0.39203675344563554,0.08303249097472924,0.0,0.8701825557809331,0.927570093457944,0.07242990654205607,0.27208333333333334,0.16416666666666666,0.56375,0.15666666666666668,0.11541666666666667,True,0.0,False
25,0.24,0.46,0.8,0.38,0.68,0.85,0.7341666666666666,0.3988005997001499,0.08303249097472924,0.0,0.8651115618661258,0.9369158878504673,0.0630841121495327,0.27791666666666665,0.15416666666666667,0.5679166666666666,0.1625,0.11541666666666667,True,0.0,False
26,0.24,0.48,0.72,0.38,0.68,0.85,0.73375,0.40620384047267355,0.08303249097472924,0.0,0.8605476673427992,0.9392523364485982,0.06074766355140187,0.28208333333333335,0.14125,0.5766666666666667,0.16666666666666666,0.11541666666666667,True,0.0,False
27,0.24,0.48,0.8,0.34,0.76,0.85,0.73375,0.39203675344563554,0.08303249097472924,0.0,0.8701825557809331,0.927570093457944,0.07242990654205607,0.27208333333333334,0.1675,0.5604166666666667,0.15666666666666668,0.11541666666666667,True,0.0,False
28,0.2,0.46,0.76,0.34,0.68,0.85,0.7333333333333333,0.38413685847589424,0.06837606837606838,0.0,0.8747464503042597,0.9252336448598131,0.07476635514018691,0.2679166666666667,0.16125,0.5708333333333333,0.17041666666666666,0.0975,True,0.0,False
29,0.24,0.46,0.72,0.38,0.72,0.85,0.7333333333333333,0.3988005997001499,0.08303249097472924,0.0,0.8651115618661258,0.9369158878504673,0.0630841121495327,0.27791666666666665,0.14833333333333334,0.57375,0.1625,0.11541666666666667,True,0.0,False
30,0.2,0.46,0.8,0.34,0.68,0.85,0.7329166666666667,0.38413685847589424,0.06837606837606838,0.0,0.8747464503042597,0.9252336448598131,0.07476635514018691,0.2679166666666667,0.16416666666666666,0.5679166666666666,0.17041666666666666,0.0975,True,0.0,False
31,0.24,0.5,0.72,0.34,0.76,0.85,0.7329166666666667,0.40536512667660207,0.08303249097472924,0.0,0.8620689655172413,0.9322429906542056,0.06775700934579439,0.27958333333333335,0.15,0.5704166666666667,0.16416666666666666,0.11541666666666667,True,0.0,False
32,0.2,0.48,0.72,0.34,0.68,0.85,0.7325,0.39203675344563554,0.06837606837606838,0.0,0.8701825557809331,0.927570093457944,0.07242990654205607,0.27208333333333334,0.15125,0.5766666666666667,0.17458333333333334,0.0975,True,0.0,False
33,0.24,0.5,0.76,0.34,0.72,0.85,0.7325,0.40536512667660207,0.08303249097472924,0.0,0.8620689655172413,0.9322429906542056,0.06775700934579439,0.27958333333333335,0.15291666666666667,0.5675,0.16416666666666666,0.11541666666666667,True,0.0,False
34,0.2,0.46,0.72,0.34,0.72,0.85,0.7320833333333333,0.38413685847589424,0.06837606837606838,0.0,0.8747464503042597,0.9252336448598131,0.07476635514018691,0.2679166666666667,0.15833333333333333,0.57375,0.17041666666666666,0.0975,True,0.0,False
35,0.24,0.48,0.76,0.38,0.68,0.85,0.7320833333333333,0.40620384047267355,0.08303249097472924,0.0,0.8605476673427992,0.9392523364485982,0.06074766355140187,0.28208333333333335,0.14708333333333334,0.5708333333333333,0.16666666666666666,0.11541666666666667,True,0.0,False
36,0.24,0.5,0.8,0.34,0.72,0.85,0.7320833333333333,0.40536512667660207,0.08303249097472924,0.0,0.8620689655172413,0.9322429906542056,0.06775700934579439,0.27958333333333335,0.15583333333333332,0.5645833333333333,0.16416666666666666,0.11541666666666667,True,0.0,False
37,0.24,0.48,0.8,0.38,0.68,0.85,0.7316666666666667,0.40620384047267355,0.08303249097472924,0.0,0.8605476673427992,0.9392523364485982,0.06074766355140187,0.28208333333333335,0.15,0.5679166666666666,0.16666666666666666,0.11541666666666667,True,0.0,False
38,0.24,0.46,0.72,0.38,0.76,0.85,0.7316666666666667,0.3988005997001499,0.08303249097472924,0.0,0.8651115618661258,0.9369158878504673,0.0630841121495327,0.27791666666666665,0.15166666666666667,0.5704166666666667,0.1625,0.11541666666666667,True,0.0,False
39,0.24,0.46,0.76,0.38,0.72,0.85,0.73125,0.3988005997001499,0.08303249097472924,0.0,0.8651115618661258,0.9369158878504673,0.0630841121495327,0.27791666666666665,0.15458333333333332,0.5675,0.1625,0.11541666666666667,True,0.0,False
40,0.2,0.48,0.76,0.34,0.68,0.85,0.7308333333333333,0.39203675344563554,0.06837606837606838,0.0,0.8701825557809331,0.927570093457944,0.07242990654205607,0.27208333333333334,0.15708333333333332,0.5708333333333333,0.17458333333333334,0.0975,True,0.0,False
41,0.24,0.48,0.72,0.38,0.72,0.85,0.7308333333333333,0.40620384047267355,0.08303249097472924,0.0,0.8605476673427992,0.9392523364485982,0.06074766355140187,0.28208333333333335,0.14416666666666667,0.57375,0.16666666666666666,0.11541666666666667,True,0.0,False
42,0.24,0.46,0.8,0.38,0.72,0.85,0.7308333333333333,0.3988005997001499,0.08303249097472924,0.0,0.8651115618661258,0.9369158878504673,0.0630841121495327,0.27791666666666665,0.1575,0.5645833333333333,0.1625,0.11541666666666667,True,0.0,False
43,0.2,0.48,0.8,0.34,0.68,0.85,0.7304166666666667,0.39203675344563554,0.06837606837606838,0.0,0.8701825557809331,0.927570093457944,0.07242990654205607,0.27208333333333334,0.16,0.5679166666666666,0.17458333333333334,0.0975,True,0.0,False
44,0.2,0.46,0.72,0.34,0.76,0.85,0.7304166666666667,0.38413685847589424,0.06837606837606838,0.0,0.8747464503042597,0.9252336448598131,0.07476635514018691,0.2679166666666667,0.16166666666666665,0.5704166666666667,0.17041666666666666,0.0975,True,0.0,False
45,0.24,0.5,0.76,0.34,0.76,0.85,0.7304166666666667,0.40536512667660207,0.08303249097472924,0.0,0.8620689655172413,0.9322429906542056,0.06775700934579439,0.27958333333333335,0.15666666666666668,0.56375,0.16416666666666666,0.11541666666666667,True,0.0,False
46,0.2,0.46,0.76,0.34,0.72,0.85,0.73,0.38413685847589424,0.06837606837606838,0.0,0.8747464503042597,0.9252336448598131,0.07476635514018691,0.2679166666666667,0.16458333333333333,0.5675,0.17041666666666666,0.0975,True,0.0,False
47,0.2,0.48,0.72,0.34,0.72,0.85,0.7295833333333334,0.39203675344563554,0.06837606837606838,0.0,0.8701825557809331,0.927570093457944,0.07242990654205607,0.27208333333333334,0.15416666666666667,0.57375,0.17458333333333334,0.0975,True,0.0,False
48,0.2,0.46,0.8,0.34,0.72,0.85,0.7295833333333334,0.38413685847589424,0.06837606837606838,0.0,0.8747464503042597,0.9252336448598131,0.07476635514018691,0.2679166666666667,0.1675,0.5645833333333333,0.17041666666666666,0.0975,True,0.0,False
49,0.24,0.5,0.8,0.34,0.76,0.85,0.7295833333333334,0.40536512667660207,0.08303249097472924,0.0,0.8620689655172413,0.9322429906542056,0.06775700934579439,0.27958333333333335,0.16,0.5604166666666667,0.16416666666666666,0.11541666666666667,True,0.0,False
50,0.24,0.48,0.72,0.38,0.76,0.85,0.7291666666666666,0.40620384047267355,0.08303249097472924,0.0,0.8605476673427992,0.9392523364485982,0.06074766355140187,0.28208333333333335,0.1475,0.5704166666666667,0.16666666666666666,0.11541666666666667,True,0.0,False
51,0.24,0.46,0.76,0.38,0.76,0.85,0.7291666666666666,0.3988005997001499,0.08303249097472924,0.0,0.8651115618661258,0.9369158878504673,0.0630841121495327,0.27791666666666665,0.15833333333333333,0.56375,0.1625,0.11541666666666667,True,0.0,False
52,0.24,0.48,0.76,0.38,0.72,0.85,0.72875,0.40620384047267355,0.08303249097472924,0.0,0.8605476673427992,0.9392523364485982,0.06074766355140187,0.28208333333333335,0.15041666666666667,0.5675,0.16666666666666666,0.11541666666666667,True,0.0,False
53,0.2,0.5,0.72,0.34,0.68,0.85,0.7283333333333334,0.40536512667660207,0.06837606837606838,0.0,0.8620689655172413,0.9322429906542056,0.06775700934579439,0.27958333333333335,0.14375,0.5766666666666667,0.18208333333333335,0.0975,True,0.0,False
54,0.24,0.48,0.8,0.38,0.72,0.85,0.7283333333333334,0.40620384047267355,0.08303249097472924,0.0,0.8605476673427992,0.9392523364485982,0.06074766355140187,0.28208333333333335,0.15333333333333332,0.5645833333333333,0.16666666666666666,0.11541666666666667,True,0.0,False
55,0.24,0.46,0.8,0.38,0.76,0.85,0.7283333333333334,0.3988005997001499,0.08303249097472924,0.0,0.8651115618661258,0.9369158878504673,0.0630841121495327,0.27791666666666665,0.16166666666666665,0.5604166666666667,0.1625,0.11541666666666667,True,0.0,False
56,0.2,0.48,0.72,0.34,0.76,0.85,0.7279166666666667,0.39203675344563554,0.06837606837606838,0.0,0.8701825557809331,0.927570093457944,0.07242990654205607,0.27208333333333334,0.1575,0.5704166666666667,0.17458333333333334,0.0975,True,0.0,False
57,0.2,0.46,0.76,0.34,0.76,0.85,0.7279166666666667,0.38413685847589424,0.06837606837606838,0.0,0.8747464503042597,0.9252336448598131,0.07476635514018691,0.2679166666666667,0.16833333333333333,0.56375,0.17041666666666666,0.0975,True,0.0,False
58,0.2,0.48,0.76,0.34,0.72,0.85,0.7275,0.39203675344563554,0.06837606837606838,0.0,0.8701825557809331,0.927570093457944,0.07242990654205607,0.27208333333333334,0.16041666666666668,0.5675,0.17458333333333334,0.0975,True,0.0,False
59,0.2,0.46,0.72,0.38,0.68,0.85,0.7270833333333333,0.3988005997001499,0.06837606837606838,0.0,0.8651115618661258,0.9369158878504673,0.0630841121495327,0.27791666666666665,0.14541666666666667,0.5766666666666667,0.18041666666666667,0.0975,True,0.0,False
60,0.2,0.48,0.8,0.34,0.72,0.85,0.7270833333333333,0.39203675344563554,0.06837606837606838,0.0,0.8701825557809331,0.927570093457944,0.07242990654205607,0.27208333333333334,0.16333333333333333,0.5645833333333333,0.17458333333333334,0.0975,True,0.0,False
61,0.2,0.46,0.8,0.34,0.76,0.85,0.7270833333333333,0.38413685847589424,0.06837606837606838,0.0,0.8747464503042597,0.9252336448598131,0.07476635514018691,0.2679166666666667,0.17166666666666666,0.5604166666666667,0.17041666666666666,0.0975,True,0.0,False
62,0.2,0.5,0.76,0.34,0.68,0.85,0.7266666666666667,0.40536512667660207,0.06837606837606838,0.0,0.8620689655172413,0.9322429906542056,0.06775700934579439,0.27958333333333335,0.14958333333333335,0.5708333333333333,0.18208333333333335,0.0975,True,0.0,False
63,0.24,0.48,0.76,0.38,0.76,0.85,0.7266666666666667,0.40620384047267355,0.08303249097472924,0.0,0.8605476673427992,0.9392523364485982,0.06074766355140187,0.28208333333333335,0.15416666666666667,0.56375,0.16666666666666666,0.11541666666666667,True,0.0,False
64,0.2,0.5,0.8,0.34,0.68,0.85,0.72625,0.40536512667660207,0.06837606837606838,0.0,0.8620689655172413,0.9322429906542056,0.06775700934579439,0.27958333333333335,0.1525,0.5679166666666666,0.18208333333333335,0.0975,True,0.0,False
65,0.24,0.48,0.8,0.38,0.76,0.85,0.7258333333333333,0.40620384047267355,0.08303249097472924,0.0,0.8605476673427992,0.9392523364485982,0.06074766355140187,0.28208333333333335,0.1575,0.5604166666666667,0.16666666666666666,0.11541666666666667,True,0.0,False
66,0.2,0.5,0.72,0.34,0.72,0.85,0.7254166666666667,0.40536512667660207,0.06837606837606838,0.0,0.8620689655172413,0.9322429906542056,0.06775700934579439,0.27958333333333335,0.14666666666666667,0.57375,0.18208333333333335,0.0975,True,0.0,False
67,0.2,0.46,0.76,0.38,0.68,0.85,0.7254166666666667,0.3988005997001499,0.06837606837606838,0.0,0.8651115618661258,0.9369158878504673,0.0630841121495327,0.27791666666666665,0.15125,0.5708333333333333,0.18041666666666667,0.0975,True,0.0,False
68,0.2,0.48,0.76,0.34,0.76,0.85,0.7254166666666667,0.39203675344563554,0.06837606837606838,0.0,0.8701825557809331,0.927570093457944,0.07242990654205607,0.27208333333333334,0.16416666666666666,0.56375,0.17458333333333334,0.0975,True,0.0,False
69,0.2,0.46,0.8,0.38,0.68,0.85,0.725,0.3988005997001499,0.06837606837606838,0.0,0.8651115618661258,0.9369158878504673,0.0630841121495327,0.27791666666666665,0.15416666666666667,0.5679166666666666,0.18041666666666667,0.0975,True,0.0,False
70,0.2,0.48,0.72,0.38,0.68,0.85,0.7245833333333334,0.40620384047267355,0.06837606837606838,0.0,0.8605476673427992,0.9392523364485982,0.06074766355140187,0.28208333333333335,0.14125,0.5766666666666667,0.18458333333333332,0.0975,True,0.0,False
71,0.2,0.48,0.8,0.34,0.76,0.85,0.7245833333333334,0.39203675344563554,0.06837606837606838,0.0,0.8701825557809331,0.927570093457944,0.07242990654205607,0.27208333333333334,0.1675,0.5604166666666667,0.17458333333333334,0.0975,True,0.0,False
72,0.2,0.46,0.72,0.38,0.72,0.85,0.7241666666666666,0.3988005997001499,0.06837606837606838,0.0,0.8651115618661258,0.9369158878504673,0.0630841121495327,0.27791666666666665,0.14833333333333334,0.57375,0.18041666666666667,0.0975,True,0.0,False
73,0.2,0.5,0.72,0.34,0.76,0.85,0.72375,0.40536512667660207,0.06837606837606838,0.0,0.8620689655172413,0.9322429906542056,0.06775700934579439,0.27958333333333335,0.15,0.5704166666666667,0.18208333333333335,0.0975,True,0.0,False
74,0.2,0.5,0.76,0.34,0.72,0.85,0.7233333333333334,0.40536512667660207,0.06837606837606838,0.0,0.8620689655172413,0.9322429906542056,0.06775700934579439,0.27958333333333335,0.15291666666666667,0.5675,0.18208333333333335,0.0975,True,0.0,False
75,0.2,0.48,0.76,0.38,0.68,0.85,0.7229166666666667,0.40620384047267355,0.06837606837606838,0.0,0.8605476673427992,0.9392523364485982,0.06074766355140187,0.28208333333333335,0.14708333333333334,0.5708333333333333,0.18458333333333332,0.0975,True,0.0,False
76,0.2,0.5,0.8,0.34,0.72,0.85,0.7229166666666667,0.40536512667660207,0.06837606837606838,0.0,0.8620689655172413,0.9322429906542056,0.06775700934579439,0.27958333333333335,0.15583333333333332,0.5645833333333333,0.18208333333333335,0.0975,True,0.0,False
77,0.2,0.48,0.8,0.38,0.68,0.85,0.7225,0.40620384047267355,0.06837606837606838,0.0,0.8605476673427992,0.9392523364485982,0.06074766355140187,0.28208333333333335,0.15,0.5679166666666666,0.18458333333333332,0.0975,True,0.0,False
78,0.2,0.46,0.72,0.38,0.76,0.85,0.7225,0.3988005997001499,0.06837606837606838,0.0,0.8651115618661258,0.9369158878504673,0.0630841121495327,0.27791666666666665,0.15166666666666667,0.5704166666666667,0.18041666666666667,0.0975,True,0.0,False
79,0.2,0.46,0.76,0.38,0.72,0.85,0.7220833333333333,0.3988005997001499,0.06837606837606838,0.0,0.8651115618661258,0.9369158878504673,0.0630841121495327,0.27791666666666665,0.15458333333333332,0.5675,0.18041666666666667,0.0975,True,0.0,False
80,0.2,0.48,0.72,0.38,0.72,0.85,0.7216666666666667,0.40620384047267355,0.06837606837606838,0.0,0.8605476673427992,0.9392523364485982,0.06074766355140187,0.28208333333333335,0.14416666666666667,0.57375,0.18458333333333332,0.0975,True,0.0,False
81,0.2,0.46,0.8,0.38,0.72,0.85,0.7216666666666667,0.3988005997001499,0.06837606837606838,0.0,0.8651115618661258,0.9369158878504673,0.0630841121495327,0.27791666666666665,0.1575,0.5645833333333333,0.18041666666666667,0.0975,True,0.0,False
82,0.2,0.5,0.76,0.34,0.76,0.85,0.72125,0.40536512667660207,0.06837606837606838,0.0,0.8620689655172413,0.9322429906542056,0.06775700934579439,0.27958333333333335,0.15666666666666668,0.56375,0.18208333333333335,0.0975,True,0.0,False
83,0.2,0.5,0.8,0.34,0.76,0.85,0.7204166666666667,0.40536512667660207,0.06837606837606838,0.0,0.8620689655172413,0.9322429906542056,0.06775700934579439,0.27958333333333335,0.16,0.5604166666666667,0.18208333333333335,0.0975,True,0.0,False
84,0.2,0.48,0.72,0.38,0.76,0.85,0.72,0.40620384047267355,0.06837606837606838,0.0,0.8605476673427992,0.9392523364485982,0.06074766355140187,0.28208333333333335,0.1475,0.5704166666666667,0.18458333333333332,0.0975,True,0.0,False
85,0.2,0.46,0.76,0.38,0.76,0.85,0.72,0.3988005997001499,0.06837606837606838,0.0,0.8651115618661258,0.9369158878504673,0.0630841121495327,0.27791666666666665,0.15833333333333333,0.56375,0.18041666666666667,0.0975,True,0.0,False
86,0.2,0.48,0.76,0.38,0.72,0.85,0.7195833333333334,0.40620384047267355,0.06837606837606838,0.0,0.8605476673427992,0.9392523364485982,0.06074766355140187,0.28208333333333335,0.15041666666666667,0.5675,0.18458333333333332,0.0975,True,0.0,False
87,0.2,0.48,0.8,0.38,0.72,0.85,0.7191666666666666,0.40620384047267355,0.06837606837606838,0.0,0.8605476673427992,0.9392523364485982,0.06074766355140187,0.28208333333333335,0.15333333333333332,0.5645833333333333,0.18458333333333332,0.0975,True,0.0,False
88,0.2,0.46,0.8,0.38,0.76,0.85,0.7191666666666666,0.3988005997001499,0.06837606837606838,0.0,0.8651115618661258,0.9369158878504673,0.0630841121495327,0.27791666666666665,0.16166666666666665,0.5604166666666667,0.18041666666666667,0.0975,True,0.0,False
89,0.2,0.48,0.76,0.38,0.76,0.85,0.7175,0.40620384047267355,0.06837606837606838,0.0,0.8605476673427992,0.9392523364485982,0.06074766355140187,0.28208333333333335,0.15416666666666667,0.56375,0.18458333333333332,0.0975,True,0.0,False
90,0.2,0.48,0.8,0.38,0.76,0.85,0.7166666666666667,0.40620384047267355,0.06837606837606838,0.0,0.8605476673427992,0.9392523364485982,0.06074766355140187,0.28208333333333335,0.1575,0.5604166666666667,0.18458333333333332,0.0975,True,0.0,False
91,0.24,0.52,0.72,0.34,0.68,0.85,0.7329166666666667,0.4163027656477438,0.08303249097472924,0.0,0.8549695740365112,0.9369158878504673,0.0630841121495327,0.28625,0.13708333333333333,0.5766666666666667,0.17083333333333334,0.11541666666666667,False,0.015091277890466381,False
92,0.24,0.52,0.76,0.34,0.68,0.85,0.73125,0.4163027656477438,0.08303249097472924,0.0,0.8549695740365112,0.9369158878504673,0.0630841121495327,0.28625,0.14291666666666666,0.5708333333333333,0.17083333333333334,0.11541666666666667,False,0.015091277890466381,False
93,0.24,0.52,0.8,0.34,0.68,0.85,0.7308333333333333,0.4163027656477438,0.08303249097472924,0.0,0.8549695740365112,0.9369158878504673,0.0630841121495327,0.28625,0.14583333333333334,0.5679166666666666,0.17083333333333334,0.11541666666666667,False,0.015091277890466381,False
94,0.2,0.52,0.72,0.34,0.68,0.85,0.72375,0.4163027656477438,0.06837606837606838,0.0,0.8549695740365112,0.9369158878504673,0.0630841121495327,0.28625,0.13708333333333333,0.5766666666666667,0.18875,0.0975,False,0.015091277890466381,False
95,0.2,0.52,0.76,0.34,0.68,0.85,0.7220833333333333,0.4163027656477438,0.06837606837606838,0.0,0.8549695740365112,0.9369158878504673,0.0630841121495327,0.28625,0.14291666666666666,0.5708333333333333,0.18875,0.0975,False,0.015091277890466381,False
96,0.2,0.52,0.8,0.34,0.68,0.85,0.7216666666666667,0.4163027656477438,0.06837606837606838,0.0,0.8549695740365112,0.9369158878504673,0.0630841121495327,0.28625,0.14583333333333334,0.5679166666666666,0.18875,0.0975,False,0.015091277890466381,False
97,0.24,0.52,0.72,0.34,0.72,0.85,0.73,0.4171511627906977,0.08303249097472924,0.0,0.8544624746450304,0.9369158878504673,0.0630841121495327,0.2866666666666667,0.13958333333333334,0.57375,0.17125,0.11541666666666667,False,0.016612576064908624,False
98,0.24,0.52,0.72,0.34,0.76,0.85,0.7283333333333334,0.4171511627906977,0.08303249097472924,0.0,0.8544624746450304,0.9369158878504673,0.0630841121495327,0.2866666666666667,0.14291666666666666,0.5704166666666667,0.17125,0.11541666666666667,False,0.016612576064908624,False
99,0.24,0.52,0.76,0.34,0.72,0.85,0.7279166666666667,0.4171511627906977,0.08303249097472924,0.0,0.8544624746450304,0.9369158878504673,0.0630841121495327,0.2866666666666667,0.14583333333333334,0.5675,0.17125,0.11541666666666667,False,0.016612576064908624,False
100,0.24,0.52,0.8,0.34,0.72,0.85,0.7275,0.4171511627906977,0.08303249097472924,0.0,0.8544624746450304,0.9369158878504673,0.0630841121495327,0.2866666666666667,0.14875,0.5645833333333333,0.17125,0.11541666666666667,False,0.016612576064908624,False
101,0.24,0.52,0.76,0.34,0.76,0.85,0.7258333333333333,0.4171511627906977,0.08303249097472924,0.0,0.8544624746450304,0.9369158878504673,0.0630841121495327,0.2866666666666667,0.14958333333333335,0.56375,0.17125,0.11541666666666667,False,0.016612576064908624,False
102,0.24,0.52,0.8,0.34,0.76,0.85,0.725,0.4171511627906977,0.08303249097472924,0.0,0.8544624746450304,0.9369158878504673,0.0630841121495327,0.2866666666666667,0.15291666666666667,0.5604166666666667,0.17125,0.11541666666666667,False,0.016612576064908624,False
103,0.2,0.52,0.72,0.34,0.72,0.85,0.7208333333333333,0.4171511627906977,0.06837606837606838,0.0,0.8544624746450304,0.9369158878504673,0.0630841121495327,0.2866666666666667,0.13958333333333334,0.57375,0.18916666666666668,0.0975,False,0.016612576064908624,False
104,0.2,0.52,0.72,0.34,0.76,0.85,0.7191666666666666,0.4171511627906977,0.06837606837606838,0.0,0.8544624746450304,0.9369158878504673,0.0630841121495327,0.2866666666666667,0.14291666666666666,0.5704166666666667,0.18916666666666668,0.0975,False,0.016612576064908624,False
105,0.2,0.52,0.76,0.34,0.72,0.85,0.71875,0.4171511627906977,0.06837606837606838,0.0,0.8544624746450304,0.9369158878504673,0.0630841121495327,0.2866666666666667,0.14583333333333334,0.5675,0.18916666666666668,0.0975,False,0.016612576064908624,False
106,0.2,0.52,0.8,0.34,0.72,0.85,0.7183333333333334,0.4171511627906977,0.06837606837606838,0.0,0.8544624746450304,0.9369158878504673,0.0630841121495327,0.2866666666666667,0.14875,0.5645833333333333,0.18916666666666668,0.0975,False,0.016612576064908624,False
107,0.2,0.52,0.76,0.34,0.76,0.85,0.7166666666666667,0.4171511627906977,0.06837606837606838,0.0,0.8544624746450304,0.9369158878504673,0.0630841121495327,0.2866666666666667,0.14958333333333335,0.56375,0.18916666666666668,0.0975,False,0.016612576064908624,False
108,0.2,0.52,0.8,0.34,0.76,0.85,0.7158333333333333,0.4171511627906977,0.06837606837606838,0.0,0.8544624746450304,0.9369158878504673,0.0630841121495327,0.2866666666666667,0.15291666666666667,0.5604166666666667,0.18916666666666668,0.0975,False,0.016612576064908624,False
109,0.24,0.5,0.72,0.38,0.68,0.85,0.7295833333333334,0.418705035971223,0.08303249097472924,0.0,0.8524340770791075,0.9439252336448598,0.056074766355140186,0.28958333333333336,0.13375,0.5766666666666667,0.17416666666666666,0.11541666666666667,False,0.022697768762677595,False
110,0.24,0.5,0.76,0.38,0.68,0.85,0.7279166666666667,0.418705035971223,0.08303249097472924,0.0,0.8524340770791075,0.9439252336448598,0.056074766355140186,0.28958333333333336,0.13958333333333334,0.5708333333333333,0.17416666666666666,0.11541666666666667,False,0.022697768762677595,False
111,0.24,0.5,0.8,0.38,0.68,0.85,0.7275,0.418705035971223,0.08303249097472924,0.0,0.8524340770791075,0.9439252336448598,0.056074766355140186,0.28958333333333336,0.1425,0.5679166666666666,0.17416666666666666,0.11541666666666667,False,0.022697768762677595,False
112,0.24,0.5,0.72,0.38,0.72,0.85,0.7266666666666667,0.418705035971223,0.08303249097472924,0.0,0.8524340770791075,0.9439252336448598,0.056074766355140186,0.28958333333333336,0.13666666666666666,0.57375,0.17416666666666666,0.11541666666666667,False,0.022697768762677595,False
113,0.24,0.5,0.72,0.38,0.76,0.85,0.725,0.418705035971223,0.08303249097472924,0.0,0.8524340770791075,0.9439252336448598,0.056074766355140186,0.28958333333333336,0.14,0.5704166666666667,0.17416666666666666,0.11541666666666667,False,0.022697768762677595,False
114,0.24,0.5,0.76,0.38,0.72,0.85,0.7245833333333334,0.418705035971223,0.08303249097472924,0.0,0.8524340770791075,0.9439252336448598,0.056074766355140186,0.28958333333333336,0.14291666666666666,0.5675,0.17416666666666666,0.11541666666666667,False,0.022697768762677595,False
115,0.24,0.5,0.8,0.38,0.72,0.85,0.7241666666666666,0.418705035971223,0.08303249097472924,0.0,0.8524340770791075,0.9439252336448598,0.056074766355140186,0.28958333333333336,0.14583333333333334,0.5645833333333333,0.17416666666666666,0.11541666666666667,False,0.022697768762677595,False
116,0.24,0.5,0.76,0.38,0.76,0.85,0.7225,0.418705035971223,0.08303249097472924,0.0,0.8524340770791075,0.9439252336448598,0.056074766355140186,0.28958333333333336,0.14666666666666667,0.56375,0.17416666666666666,0.11541666666666667,False,0.022697768762677595,False
117,0.24,0.5,0.8,0.38,0.76,0.85,0.7216666666666667,0.418705035971223,0.08303249097472924,0.0,0.8524340770791075,0.9439252336448598,0.056074766355140186,0.28958333333333336,0.15,0.5604166666666667,0.17416666666666666,0.11541666666666667,False,0.022697768762677595,False
118,0.2,0.5,0.72,0.38,0.68,0.85,0.7204166666666667,0.418705035971223,0.06837606837606838,0.0,0.8524340770791075,0.9439252336448598,0.056074766355140186,0.28958333333333336,0.13375,0.5766666666666667,0.19208333333333333,0.0975,False,0.022697768762677595,False
119,0.2,0.5,0.76,0.38,0.68,0.85,0.71875,0.418705035971223,0.06837606837606838,0.0,0.8524340770791075,0.9439252336448598,0.056074766355140186,0.28958333333333336,0.13958333333333334,0.5708333333333333,0.19208333333333333,0.0975,False,0.022697768762677595,False
120,0.2,0.5,0.8,0.38,0.68,0.85,0.7183333333333334,0.418705035971223,0.06837606837606838,0.0,0.8524340770791075,0.9439252336448598,0.056074766355140186,0.28958333333333336,0.1425,0.5679166666666666,0.19208333333333333,0.0975,False,0.022697768762677595,False
121,0.2,0.5,0.72,0.38,0.72,0.85,0.7175,0.418705035971223,0.06837606837606838,0.0,0.8524340770791075,0.9439252336448598,0.056074766355140186,0.28958333333333336,0.13666666666666666,0.57375,0.19208333333333333,0.0975,False,0.022697768762677595,False
122,0.2,0.5,0.72,0.38,0.76,0.85,0.7158333333333333,0.418705035971223,0.06837606837606838,0.0,0.8524340770791075,0.9439252336448598,0.056074766355140186,0.28958333333333336,0.14,0.5704166666666667,0.19208333333333333,0.0975,False,0.022697768762677595,False
123,0.2,0.5,0.76,0.38,0.72,0.85,0.7154166666666667,0.418705035971223,0.06837606837606838,0.0,0.8524340770791075,0.9439252336448598,0.056074766355140186,0.28958333333333336,0.14291666666666666,0.5675,0.19208333333333333,0.0975,False,0.022697768762677595,False
124,0.2,0.5,0.8,0.38,0.72,0.85,0.715,0.418705035971223,0.06837606837606838,0.0,0.8524340770791075,0.9439252336448598,0.056074766355140186,0.28958333333333336,0.14583333333333334,0.5645833333333333,0.19208333333333333,0.0975,False,0.022697768762677595,False
125,0.2,0.5,0.76,0.38,0.76,0.85,0.7133333333333334,0.418705035971223,0.06837606837606838,0.0,0.8524340770791075,0.9439252336448598,0.056074766355140186,0.28958333333333336,0.14666666666666667,0.56375,0.19208333333333333,0.0975,False,0.022697768762677595,False
126,0.2,0.5,0.8,0.38,0.76,0.85,0.7125,0.418705035971223,0.06837606837606838,0.0,0.8524340770791075,0.9439252336448598,0.056074766355140186,0.28958333333333336,0.15,0.5604166666666667,0.19208333333333333,0.0975,False,0.022697768762677595,False
127,0.24,0.52,0.72,0.38,0.68,0.85,0.725,0.4289732770745429,0.08303249097472924,0.0,0.8453346855983773,0.9485981308411215,0.0514018691588785,0.29625,0.12708333333333333,0.5766666666666667,0.18083333333333335,0.11541666666666667,False,0.04399594320486799,False
128,0.24,0.52,0.76,0.38,0.68,0.85,0.7233333333333334,0.4289732770745429,0.08303249097472924,0.0,0.8453346855983773,0.9485981308411215,0.0514018691588785,0.29625,0.13291666666666666,0.5708333333333333,0.18083333333333335,0.11541666666666667,False,0.04399594320486799,False
129,0.24,0.52,0.8,0.38,0.68,0.85,0.7229166666666667,0.4289732770745429,0.08303249097472924,0.0,0.8453346855983773,0.9485981308411215,0.0514018691588785,0.29625,0.13583333333333333,0.5679166666666666,0.18083333333333335,0.11541666666666667,False,0.04399594320486799,False
130,0.2,0.52,0.72,0.38,0.68,0.85,0.7158333333333333,0.4289732770745429,0.06837606837606838,0.0,0.8453346855983773,0.9485981308411215,0.0514018691588785,0.29625,0.12708333333333333,0.5766666666666667,0.19875,0.0975,False,0.04399594320486799,False
131,0.2,0.52,0.76,0.38,0.68,0.85,0.7141666666666666,0.4289732770745429,0.06837606837606838,0.0,0.8453346855983773,0.9485981308411215,0.0514018691588785,0.29625,0.13291666666666666,0.5708333333333333,0.19875,0.0975,False,0.04399594320486799,False
132,0.2,0.52,0.8,0.38,0.68,0.85,0.71375,0.4289732770745429,0.06837606837606838,0.0,0.8453346855983773,0.9485981308411215,0.0514018691588785,0.29625,0.13583333333333333,0.5679166666666666,0.19875,0.0975,False,0.04399594320486799,False
133,0.24,0.52,0.72,0.38,0.72,0.85,0.7220833333333333,0.4297752808988764,0.08303249097472924,0.0,0.8448275862068966,0.9485981308411215,0.0514018691588785,0.2966666666666667,0.12958333333333333,0.57375,0.18125,0.11541666666666667,False,0.045517241379310236,False
134,0.24,0.52,0.72,0.38,0.76,0.85,0.7204166666666667,0.4297752808988764,0.08303249097472924,0.0,0.8448275862068966,0.9485981308411215,0.0514018691588785,0.2966666666666667,0.13291666666666666,0.5704166666666667,0.18125,0.11541666666666667,False,0.045517241379310236,False
135,0.24,0.52,0.76,0.38,0.72,0.85,0.72,0.4297752808988764,0.08303249097472924,0.0,0.8448275862068966,0.9485981308411215,0.0514018691588785,0.2966666666666667,0.13583333333333333,0.5675,0.18125,0.11541666666666667,False,0.045517241379310236,False
136,0.24,0.52,0.8,0.38,0.72,0.85,0.7195833333333334,0.4297752808988764,0.08303249097472924,0.0,0.8448275862068966,0.9485981308411215,0.0514018691588785,0.2966666666666667,0.13875,0.5645833333333333,0.18125,0.11541666666666667,False,0.045517241379310236,False
137,0.24,0.52,0.76,0.38,0.76,0.85,0.7179166666666666,0.4297752808988764,0.08303249097472924,0.0,0.8448275862068966,0.9485981308411215,0.0514018691588785,0.2966666666666667,0.13958333333333334,0.56375,0.18125,0.11541666666666667,False,0.045517241379310236,False
138,0.24,0.52,0.8,0.38,0.76,0.85,0.7170833333333333,0.4297752808988764,0.08303249097472924,0.0,0.8448275862068966,0.9485981308411215,0.0514018691588785,0.2966666666666667,0.14291666666666666,0.5604166666666667,0.18125,0.11541666666666667,False,0.045517241379310236,False
139,0.2,0.52,0.72,0.38,0.72,0.85,0.7129166666666666,0.4297752808988764,0.06837606837606838,0.0,0.8448275862068966,0.9485981308411215,0.0514018691588785,0.2966666666666667,0.12958333333333333,0.57375,0.19916666666666666,0.0975,False,0.045517241379310236,False
140,0.2,0.52,0.72,0.38,0.76,0.85,0.71125,0.4297752808988764,0.06837606837606838,0.0,0.8448275862068966,0.9485981308411215,0.0514018691588785,0.2966666666666667,0.13291666666666666,0.5704166666666667,0.19916666666666666,0.0975,False,0.045517241379310236,False
141,0.2,0.52,0.76,0.38,0.72,0.85,0.7108333333333333,0.4297752808988764,0.06837606837606838,0.0,0.8448275862068966,0.9485981308411215,0.0514018691588785,0.2966666666666667,0.13583333333333333,0.5675,0.19916666666666666,0.0975,False,0.045517241379310236,False
142,0.2,0.52,0.8,0.38,0.72,0.85,0.7104166666666667,0.4297752808988764,0.06837606837606838,0.0,0.8448275862068966,0.9485981308411215,0.0514018691588785,0.2966666666666667,0.13875,0.5645833333333333,0.19916666666666666,0.0975,False,0.045517241379310236,False
143,0.2,0.52,0.76,0.38,0.76,0.85,0.70875,0.4297752808988764,0.06837606837606838,0.0,0.8448275862068966,0.9485981308411215,0.0514018691588785,0.2966666666666667,0.13958333333333334,0.56375,0.19916666666666666,0.0975,False,0.045517241379310236,False
144,0.2,0.52,0.8,0.38,0.76,0.85,0.7079166666666666,0.4297752808988764,0.06837606837606838,0.0,0.8448275862068966,0.9485981308411215,0.0514018691588785,0.2966666666666667,0.14291666666666666,0.5604166666666667,0.19916666666666666,0.0975,False,0.045517241379310236,False
145,0.27,0.46,0.72,0.34,0.68,0.85,0.745,0.38413685847589424,0.13253012048192772,0.0,0.8747464503042597,0.9252336448598131,0.07476635514018691,0.2679166666666667,0.15541666666666668,0.5766666666666667,0.12958333333333333,0.13833333333333334,False,0.0501204819277109,False
146,0.27,0.46,0.76,0.34,0.68,0.85,0.7433333333333333,0.38413685847589424,0.13253012048192772,0.0,0.8747464503042597,0.9252336448598131,0.07476635514018691,0.2679166666666667,0.16125,0.5708333333333333,0.12958333333333333,0.13833333333333334,False,0.0501204819277109,False
147,0.27,0.46,0.8,0.34,0.68,0.85,0.7429166666666667,0.38413685847589424,0.13253012048192772,0.0,0.8747464503042597,0.9252336448598131,0.07476635514018691,0.2679166666666667,0.16416666666666666,0.5679166666666666,0.12958333333333333,0.13833333333333334,False,0.0501204819277109,False
148,0.27,0.48,0.72,0.34,0.68,0.85,0.7425,0.39203675344563554,0.13253012048192772,0.0,0.8701825557809331,0.927570093457944,0.07242990654205607,0.27208333333333334,0.15125,0.5766666666666667,0.13375,0.13833333333333334,False,0.0501204819277109,False
149,0.27,0.46,0.72,0.34,0.72,0.85,0.7420833333333333,0.38413685847589424,0.13253012048192772,0.0,0.8747464503042597,0.9252336448598131,0.07476635514018691,0.2679166666666667,0.15833333333333333,0.57375,0.12958333333333333,0.13833333333333334,False,0.0501204819277109,False
150,0.27,0.48,0.76,0.34,0.68,0.85,0.7408333333333333,0.39203675344563554,0.13253012048192772,0.0,0.8701825557809331,0.927570093457944,0.07242990654205607,0.27208333333333334,0.15708333333333332,0.5708333333333333,0.13375,0.13833333333333334,False,0.0501204819277109,False
151,0.27,0.48,0.8,0.34,0.68,0.85,0.7404166666666666,0.39203675344563554,0.13253012048192772,0.0,0.8701825557809331,0.927570093457944,0.07242990654205607,0.27208333333333334,0.16,0.5679166666666666,0.13375,0.13833333333333334,False,0.0501204819277109,False
152,0.27,0.46,0.72,0.34,0.76,0.85,0.7404166666666666,0.38413685847589424,0.13253012048192772,0.0,0.8747464503042597,0.9252336448598131,0.07476635514018691,0.2679166666666667,0.16166666666666665,0.5704166666666667,0.12958333333333333,0.13833333333333334,False,0.0501204819277109,False
153,0.27,0.46,0.76,0.34,0.72,0.85,0.74,0.38413685847589424,0.13253012048192772,0.0,0.8747464503042597,0.9252336448598131,0.07476635514018691,0.2679166666666667,0.16458333333333333,0.5675,0.12958333333333333,0.13833333333333334,False,0.0501204819277109,False
154,0.27,0.48,0.72,0.34,0.72,0.85,0.7395833333333334,0.39203675344563554,0.13253012048192772,0.0,0.8701825557809331,0.927570093457944,0.07242990654205607,0.27208333333333334,0.15416666666666667,0.57375,0.13375,0.13833333333333334,False,0.0501204819277109,False
155,0.27,0.46,0.8,0.34,0.72,0.85,0.7395833333333334,0.38413685847589424,0.13253012048192772,0.0,0.8747464503042597,0.9252336448598131,0.07476635514018691,0.2679166666666667,0.1675,0.5645833333333333,0.12958333333333333,0.13833333333333334,False,0.0501204819277109,False
156,0.27,0.5,0.72,0.34,0.68,0.85,0.7383333333333333,0.40536512667660207,0.13253012048192772,0.0,0.8620689655172413,0.9322429906542056,0.06775700934579439,0.27958333333333335,0.14375,0.5766666666666667,0.14125,0.13833333333333334,False,0.0501204819277109,False
157,0.27,0.48,0.72,0.34,0.76,0.85,0.7379166666666667,0.39203675344563554,0.13253012048192772,0.0,0.8701825557809331,0.927570093457944,0.07242990654205607,0.27208333333333334,0.1575,0.5704166666666667,0.13375,0.13833333333333334,False,0.0501204819277109,False
158,0.27,0.46,0.76,0.34,0.76,0.85,0.7379166666666667,0.38413685847589424,0.13253012048192772,0.0,0.8747464503042597,0.9252336448598131,0.07476635514018691,0.2679166666666667,0.16833333333333333,0.56375,0.12958333333333333,0.13833333333333334,False,0.0501204819277109,False
159,0.27,0.48,0.76,0.34,0.72,0.85,0.7375,0.39203675344563554,0.13253012048192772,0.0,0.8701825557809331,0.927570093457944,0.07242990654205607,0.27208333333333334,0.16041666666666668,0.5675,0.13375,0.13833333333333334,False,0.0501204819277109,False
160,0.27,0.46,0.72,0.38,0.68,0.85,0.7370833333333333,0.3988005997001499,0.13253012048192772,0.0,0.8651115618661258,0.9369158878504673,0.0630841121495327,0.27791666666666665,0.14541666666666667,0.5766666666666667,0.13958333333333334,0.13833333333333334,False,0.0501204819277109,False
161,0.27,0.48,0.8,0.34,0.72,0.85,0.7370833333333333,0.39203675344563554,0.13253012048192772,0.0,0.8701825557809331,0.927570093457944,0.07242990654205607,0.27208333333333334,0.16333333333333333,0.5645833333333333,0.13375,0.13833333333333334,False,0.0501204819277109,False
162,0.27,0.46,0.8,0.34,0.76,0.85,0.7370833333333333,0.38413685847589424,0.13253012048192772,0.0,0.8747464503042597,0.9252336448598131,0.07476635514018691,0.2679166666666667,0.17166666666666666,0.5604166666666667,0.12958333333333333,0.13833333333333334,False,0.0501204819277109,False
163,0.27,0.5,0.76,0.34,0.68,0.85,0.7366666666666667,0.40536512667660207,0.13253012048192772,0.0,0.8620689655172413,0.9322429906542056,0.06775700934579439,0.27958333333333335,0.14958333333333335,0.5708333333333333,0.14125,0.13833333333333334,False,0.0501204819277109,False
164,0.27,0.5,0.8,0.34,0.68,0.85,0.73625,0.40536512667660207,0.13253012048192772,0.0,0.8620689655172413,0.9322429906542056,0.06775700934579439,0.27958333333333335,0.1525,0.5679166666666666,0.14125,0.13833333333333334,False,0.0501204819277109,False
165,0.27,0.5,0.72,0.34,0.72,0.85,0.7354166666666667,0.40536512667660207,0.13253012048192772,0.0,0.8620689655172413,0.9322429906542056,0.06775700934579439,0.27958333333333335,0.14666666666666667,0.57375,0.14125,0.13833333333333334,False,0.0501204819277109,False
166,0.27,0.46,0.76,0.38,0.68,0.85,0.7354166666666667,0.3988005997001499,0.13253012048192772,0.0,0.8651115618661258,0.9369158878504673,0.0630841121495327,0.27791666666666665,0.15125,0.5708333333333333,0.13958333333333334,0.13833333333333334,False,0.0501204819277109,False
167,0.27,0.48,0.76,0.34,0.76,0.85,0.7354166666666667,0.39203675344563554,0.13253012048192772,0.0,0.8701825557809331,0.927570093457944,0.07242990654205607,0.27208333333333334,0.16416666666666666,0.56375,0.13375,0.13833333333333334,False,0.0501204819277109,False
168,0.27,0.46,0.8,0.38,0.68,0.85,0.735,0.3988005997001499,0.13253012048192772,0.0,0.8651115618661258,0.9369158878504673,0.0630841121495327,0.27791666666666665,0.15416666666666667,0.5679166666666666,0.13958333333333334,0.13833333333333334,False,0.0501204819277109,False
169,0.27,0.48,0.72,0.38,0.68,0.85,0.7345833333333334,0.40620384047267355,0.13253012048192772,0.0,0.8605476673427992,0.9392523364485982,0.06074766355140187,0.28208333333333335,0.14125,0.5766666666666667,0.14375,0.13833333333333334,False,0.0501204819277109,False
170,0.27,0.48,0.8,0.34,0.76,0.85,0.7345833333333334,0.39203675344563554,0.13253012048192772,0.0,0.8701825557809331,0.927570093457944,0.07242990654205607,0.27208333333333334,0.1675,0.5604166666666667,0.13375,0.13833333333333334,False,0.0501204819277109,False
171,0.27,0.46,0.72,0.38,0.72,0.85,0.7341666666666666,0.3988005997001499,0.13253012048192772,0.0,0.8651115618661258,0.9369158878504673,0.0630841121495327,0.27791666666666665,0.14833333333333334,0.57375,0.13958333333333334,0.13833333333333334,False,0.0501204819277109,False
172,0.27,0.5,0.72,0.34,0.76,0.85,0.73375,0.40536512667660207,0.13253012048192772,0.0,0.8620689655172413,0.9322429906542056,0.06775700934579439,0.27958333333333335,0.15,0.5704166666666667,0.14125,0.13833333333333334,False,0.0501204819277109,False
173,0.27,0.5,0.76,0.34,0.72,0.85,0.7333333333333333,0.40536512667660207,0.13253012048192772,0.0,0.8620689655172413,0.9322429906542056,0.06775700934579439,0.27958333333333335,0.15291666666666667,0.5675,0.14125,0.13833333333333334,False,0.0501204819277109,False
174,0.27,0.48,0.76,0.38,0.68,0.85,0.7329166666666667,0.40620384047267355,0.13253012048192772,0.0,0.8605476673427992,0.9392523364485982,0.06074766355140187,0.28208333333333335,0.14708333333333334,0.5708333333333333,0.14375,0.13833333333333334,False,0.0501204819277109,False
175,0.27,0.5,0.8,0.34,0.72,0.85,0.7329166666666667,0.40536512667660207,0.13253012048192772,0.0,0.8620689655172413,0.9322429906542056,0.06775700934579439,0.27958333333333335,0.15583333333333332,0.5645833333333333,0.14125,0.13833333333333334,False,0.0501204819277109,False
176,0.27,0.48,0.8,0.38,0.68,0.85,0.7325,0.40620384047267355,0.13253012048192772,0.0,0.8605476673427992,0.9392523364485982,0.06074766355140187,0.28208333333333335,0.15,0.5679166666666666,0.14375,0.13833333333333334,False,0.0501204819277109,False
177,0.27,0.46,0.72,0.38,0.76,0.85,0.7325,0.3988005997001499,0.13253012048192772,0.0,0.8651115618661258,0.9369158878504673,0.0630841121495327,0.27791666666666665,0.15166666666666667,0.5704166666666667,0.13958333333333334,0.13833333333333334,False,0.0501204819277109,False
178,0.27,0.46,0.76,0.38,0.72,0.85,0.7320833333333333,0.3988005997001499,0.13253012048192772,0.0,0.8651115618661258,0.9369158878504673,0.0630841121495327,0.27791666666666665,0.15458333333333332,0.5675,0.13958333333333334,0.13833333333333334,False,0.0501204819277109,False
179,0.27,0.48,0.72,0.38,0.72,0.85,0.7316666666666667,0.40620384047267355,0.13253012048192772,0.0,0.8605476673427992,0.9392523364485982,0.06074766355140187,0.28208333333333335,0.14416666666666667,0.57375,0.14375,0.13833333333333334,False,0.0501204819277109,False
180,0.27,0.46,0.8,0.38,0.72,0.85,0.7316666666666667,0.3988005997001499,0.13253012048192772,0.0,0.8651115618661258,0.9369158878504673,0.0630841121495327,0.27791666666666665,0.1575,0.5645833333333333,0.13958333333333334,0.13833333333333334,False,0.0501204819277109,False
181,0.27,0.5,0.76,0.34,0.76,0.85,0.73125,0.40536512667660207,0.13253012048192772,0.0,0.8620689655172413,0.9322429906542056,0.06775700934579439,0.27958333333333335,0.15666666666666668,0.56375,0.14125,0.13833333333333334,False,0.0501204819277109,False
182,0.27,0.5,0.8,0.34,0.76,0.85,0.7304166666666667,0.40536512667660207,0.13253012048192772,0.0,0.8620689655172413,0.9322429906542056,0.06775700934579439,0.27958333333333335,0.16,0.5604166666666667,0.14125,0.13833333333333334,False,0.0501204819277109,False
183,0.27,0.48,0.72,0.38,0.76,0.85,0.73,0.40620384047267355,0.13253012048192772,0.0,0.8605476673427992,0.9392523364485982,0.06074766355140187,0.28208333333333335,0.1475,0.5704166666666667,0.14375,0.13833333333333334,False,0.0501204819277109,False
184,0.27,0.46,0.76,0.38,0.76,0.85,0.73,0.3988005997001499,0.13253012048192772,0.0,0.8651115618661258,0.9369158878504673,0.0630841121495327,0.27791666666666665,0.15833333333333333,0.56375,0.13958333333333334,0.13833333333333334,False,0.0501204819277109,False
185,0.27,0.48,0.76,0.38,0.72,0.85,0.7295833333333334,0.40620384047267355,0.13253012048192772,0.0,0.8605476673427992,0.9392523364485982,0.06074766355140187,0.28208333333333335,0.15041666666666667,0.5675,0.14375,0.13833333333333334,False,0.0501204819277109,False
186,0.27,0.48,0.8,0.38,0.72,0.85,0.7291666666666666,0.40620384047267355,0.13253012048192772,0.0,0.8605476673427992,0.9392523364485982,0.06074766355140187,0.28208333333333335,0.15333333333333332,0.5645833333333333,0.14375,0.13833333333333334,False,0.0501204819277109,False
187,0.27,0.46,0.8,0.38,0.76,0.85,0.7291666666666666,0.3988005997001499,0.13253012048192772,0.0,0.8651115618661258,0.9369158878504673,0.0630841121495327,0.27791666666666665,0.16166666666666665,0.5604166666666667,0.13958333333333334,0.13833333333333334,False,0.0501204819277109,False
188,0.27,0.48,0.76,0.38,0.76,0.85,0.7275,0.40620384047267355,0.13253012048192772,0.0,0.8605476673427992,0.9392523364485982,0.06074766355140187,0.28208333333333335,0.15416666666666667,0.56375,0.14375,0.13833333333333334,False,0.0501204819277109,False
189,0.27,0.48,0.8,0.38,0.76,0.85,0.7266666666666667,0.40620384047267355,0.13253012048192772,0.0,0.8605476673427992,0.9392523364485982,0.06074766355140187,0.28208333333333335,0.1575,0.5604166666666667,0.14375,0.13833333333333334,False,0.0501204819277109,False
190,0.27,0.52,0.72,0.34,0.68,0.85,0.73375,0.4163027656477438,0.13253012048192772,0.0,0.8549695740365112,0.9369158878504673,0.0630841121495327,0.28625,0.13708333333333333,0.5766666666666667,0.14791666666666667,0.13833333333333334,False,0.06521175981817728,False
191,0.27,0.52,0.76,0.34,0.68,0.85,0.7320833333333333,0.4163027656477438,0.13253012048192772,0.0,0.8549695740365112,0.9369158878504673,0.0630841121495327,0.28625,0.14291666666666666,0.5708333333333333,0.14791666666666667,0.13833333333333334,False,0.06521175981817728,False
192,0.27,0.52,0.8,0.34,0.68,0.85,0.7316666666666667,0.4163027656477438,0.13253012048192772,0.0,0.8549695740365112,0.9369158878504673,0.0630841121495327,0.28625,0.14583333333333334,0.5679166666666666,0.14791666666666667,0.13833333333333334,False,0.06521175981817728,False
193,0.27,0.52,0.72,0.34,0.72,0.85,0.7308333333333333,0.4171511627906977,0.13253012048192772,0.0,0.8544624746450304,0.9369158878504673,0.0630841121495327,0.2866666666666667,0.13958333333333334,0.57375,0.14833333333333334,0.13833333333333334,False,0.06673305799261953,False
194,0.27,0.52,0.72,0.34,0.76,0.85,0.7291666666666666,0.4171511627906977,0.13253012048192772,0.0,0.8544624746450304,0.9369158878504673,0.0630841121495327,0.2866666666666667,0.14291666666666666,0.5704166666666667,0.14833333333333334,0.13833333333333334,False,0.06673305799261953,False
195,0.27,0.52,0.76,0.34,0.72,0.85,0.72875,0.4171511627906977,0.13253012048192772,0.0,0.8544624746450304,0.9369158878504673,0.0630841121495327,0.2866666666666667,0.14583333333333334,0.5675,0.14833333333333334,0.13833333333333334,False,0.06673305799261953,False
196,0.27,0.52,0.8,0.34,0.72,0.85,0.7283333333333334,0.4171511627906977,0.13253012048192772,0.0,0.8544624746450304,0.9369158878504673,0.0630841121495327,0.2866666666666667,0.14875,0.5645833333333333,0.14833333333333334,0.13833333333333334,False,0.06673305799261953,False
197,0.27,0.52,0.76,0.34,0.76,0.85,0.7266666666666667,0.4171511627906977,0.13253012048192772,0.0,0.8544624746450304,0.9369158878504673,0.0630841121495327,0.2866666666666667,0.14958333333333335,0.56375,0.14833333333333334,0.13833333333333334,False,0.06673305799261953,False
198,0.27,0.52,0.8,0.34,0.76,0.85,0.7258333333333333,0.4171511627906977,0.13253012048192772,0.0,0.8544624746450304,0.9369158878504673,0.0630841121495327,0.2866666666666667,0.15291666666666667,0.5604166666666667,0.14833333333333334,0.13833333333333334,False,0.06673305799261953,False
199,0.27,0.5,0.72,0.38,0.68,0.85,0.7304166666666667,0.418705035971223,0.13253012048192772,0.0,0.8524340770791075,0.9439252336448598,0.056074766355140186,0.28958333333333336,0.13375,0.5766666666666667,0.15125,0.13833333333333334,False,0.0728182506903885,False
200,0.27,0.5,0.76,0.38,0.68,0.85,0.72875,0.418705035971223,0.13253012048192772,0.0,0.8524340770791075,0.9439252336448598,0.056074766355140186,0.28958333333333336,0.13958333333333334,0.5708333333333333,0.15125,0.13833333333333334,False,0.0728182506903885,False
201,0.27,0.5,0.8,0.38,0.68,0.85,0.7283333333333334,0.418705035971223,0.13253012048192772,0.0,0.8524340770791075,0.9439252336448598,0.056074766355140186,0.28958333333333336,0.1425,0.5679166666666666,0.15125,0.13833333333333334,False,0.0728182506903885,False
202,0.27,0.5,0.72,0.38,0.72,0.85,0.7275,0.418705035971223,0.13253012048192772,0.0,0.8524340770791075,0.9439252336448598,0.056074766355140186,0.28958333333333336,0.13666666666666666,0.57375,0.15125,0.13833333333333334,False,0.0728182506903885,False
203,0.27,0.5,0.72,0.38,0.76,0.85,0.7258333333333333,0.418705035971223,0.13253012048192772,0.0,0.8524340770791075,0.9439252336448598,0.056074766355140186,0.28958333333333336,0.14,0.5704166666666667,0.15125,0.13833333333333334,False,0.0728182506903885,False
204,0.27,0.5,0.76,0.38,0.72,0.85,0.7254166666666667,0.418705035971223,0.13253012048192772,0.0,0.8524340770791075,0.9439252336448598,0.056074766355140186,0.28958333333333336,0.14291666666666666,0.5675,0.15125,0.13833333333333334,False,0.0728182506903885,False
205,0.27,0.5,0.8,0.38,0.72,0.85,0.725,0.418705035971223,0.13253012048192772,0.0,0.8524340770791075,0.9439252336448598,0.056074766355140186,0.28958333333333336,0.14583333333333334,0.5645833333333333,0.15125,0.13833333333333334,False,0.0728182506903885,False
206,0.27,0.5,0.76,0.38,0.76,0.85,0.7233333333333334,0.418705035971223,0.13253012048192772,0.0,0.8524340770791075,0.9439252336448598,0.056074766355140186,0.28958333333333336,0.14666666666666667,0.56375,0.15125,0.13833333333333334,False,0.0728182506903885,False
207,0.27,0.5,0.8,0.38,0.76,0.85,0.7225,0.418705035971223,0.13253012048192772,0.0,0.8524340770791075,0.9439252336448598,0.056074766355140186,0.28958333333333336,0.15,0.5604166666666667,0.15125,0.13833333333333334,False,0.0728182506903885,False
208,0.24,0.46,0.72,0.42,0.68,0.85,0.7116666666666667,0.4448979591836735,0.08303249097472924,0.0,0.8341784989858012,0.9532710280373832,0.04672897196261682,0.30625,0.11708333333333333,0.5766666666666667,0.19083333333333333,0.11541666666666667,False,0.07746450304259633,False
209,0.24,0.46,0.76,0.42,0.68,0.85,0.71,0.4448979591836735,0.08303249097472924,0.0,0.8341784989858012,0.9532710280373832,0.04672897196261682,0.30625,0.12291666666666666,0.5708333333333333,0.19083333333333333,0.11541666666666667,False,0.07746450304259633,False
210,0.24,0.46,0.8,0.42,0.68,0.85,0.7095833333333333,0.4448979591836735,0.08303249097472924,0.0,0.8341784989858012,0.9532710280373832,0.04672897196261682,0.30625,0.12583333333333332,0.5679166666666666,0.19083333333333333,0.11541666666666667,False,0.07746450304259633,False
211,0.24,0.46,0.72,0.42,0.72,0.85,0.70875,0.4448979591836735,0.08303249097472924,0.0,0.8341784989858012,0.9532710280373832,0.04672897196261682,0.30625,0.12,0.57375,0.19083333333333333,0.11541666666666667,False,0.07746450304259633,False
212,0.24,0.46,0.72,0.42,0.76,0.85,0.7070833333333333,0.4448979591836735,0.08303249097472924,0.0,0.8341784989858012,0.9532710280373832,0.04672897196261682,0.30625,0.12333333333333334,0.5704166666666667,0.19083333333333333,0.11541666666666667,False,0.07746450304259633,False
213,0.24,0.46,0.76,0.42,0.72,0.85,0.7066666666666667,0.4448979591836735,0.08303249097472924,0.0,0.8341784989858012,0.9532710280373832,0.04672897196261682,0.30625,0.12625,0.5675,0.19083333333333333,0.11541666666666667,False,0.07746450304259633,False
214,0.24,0.46,0.8,0.42,0.72,0.85,0.70625,0.4448979591836735,0.08303249097472924,0.0,0.8341784989858012,0.9532710280373832,0.04672897196261682,0.30625,0.12916666666666668,0.5645833333333333,0.19083333333333333,0.11541666666666667,False,0.07746450304259633,False
215,0.24,0.46,0.76,0.42,0.76,0.85,0.7045833333333333,0.4448979591836735,0.08303249097472924,0.0,0.8341784989858012,0.9532710280373832,0.04672897196261682,0.30625,0.13,0.56375,0.19083333333333333,0.11541666666666667,False,0.07746450304259633,False
216,0.24,0.46,0.8,0.42,0.76,0.85,0.70375,0.4448979591836735,0.08303249097472924,0.0,0.8341784989858012,0.9532710280373832,0.04672897196261682,0.30625,0.13333333333333333,0.5604166666666667,0.19083333333333333,0.11541666666666667,False,0.07746450304259633,False
217,0.2,0.46,0.72,0.42,0.68,0.85,0.7025,0.4448979591836735,0.06837606837606838,0.0,0.8341784989858012,0.9532710280373832,0.04672897196261682,0.30625,0.11708333333333333,0.5766666666666667,0.20875,0.0975,False,0.07746450304259633,False
218,0.2,0.46,0.76,0.42,0.68,0.85,0.7008333333333333,0.4448979591836735,0.06837606837606838,0.0,0.8341784989858012,0.9532710280373832,0.04672897196261682,0.30625,0.12291666666666666,0.5708333333333333,0.20875,0.0975,False,0.07746450304259633,False
219,0.2,0.46,0.8,0.42,0.68,0.85,0.7004166666666667,0.4448979591836735,0.06837606837606838,0.0,0.8341784989858012,0.9532710280373832,0.04672897196261682,0.30625,0.12583333333333332,0.5679166666666666,0.20875,0.0975,False,0.07746450304259633,False
220,0.2,0.46,0.72,0.42,0.72,0.85,0.6995833333333333,0.4448979591836735,0.06837606837606838,0.0,0.8341784989858012,0.9532710280373832,0.04672897196261682,0.30625,0.12,0.57375,0.20875,0.0975,False,0.07746450304259633,False
221,0.2,0.46,0.72,0.42,0.76,0.85,0.6979166666666666,0.4448979591836735,0.06837606837606838,0.0,0.8341784989858012,0.9532710280373832,0.04672897196261682,0.30625,0.12333333333333334,0.5704166666666667,0.20875,0.0975,False,0.07746450304259633,False
222,0.2,0.46,0.76,0.42,0.72,0.85,0.6975,0.4448979591836735,0.06837606837606838,0.0,0.8341784989858012,0.9532710280373832,0.04672897196261682,0.30625,0.12625,0.5675,0.20875,0.0975,False,0.07746450304259633,False
223,0.2,0.46,0.8,0.42,0.72,0.85,0.6970833333333334,0.4448979591836735,0.06837606837606838,0.0,0.8341784989858012,0.9532710280373832,0.04672897196261682,0.30625,0.12916666666666668,0.5645833333333333,0.20875,0.0975,False,0.07746450304259633,False
224,0.2,0.46,0.76,0.42,0.76,0.85,0.6954166666666667,0.4448979591836735,0.06837606837606838,0.0,0.8341784989858012,0.9532710280373832,0.04672897196261682,0.30625,0.13,0.56375,0.20875,0.0975,False,0.07746450304259633,False
225,0.2,0.46,0.8,0.42,0.76,0.85,0.6945833333333333,0.4448979591836735,0.06837606837606838,0.0,0.8341784989858012,0.9532710280373832,0.04672897196261682,0.30625,0.13333333333333333,0.5604166666666667,0.20875,0.0975,False,0.07746450304259633,False
226,0.24,0.48,0.72,0.42,0.68,0.85,0.7091666666666666,0.45100671140939597,0.08303249097472924,0.0,0.8296146044624746,0.955607476635514,0.04439252336448598,0.3104166666666667,0.11291666666666667,0.5766666666666667,0.195,0.11541666666666667,False,0.09115618661257618,False
227,0.24,0.48,0.76,0.42,0.68,0.85,0.7075,0.45100671140939597,0.08303249097472924,0.0,0.8296146044624746,0.955607476635514,0.04439252336448598,0.3104166666666667,0.11875,0.5708333333333333,0.195,0.11541666666666667,False,0.09115618661257618,False
228,0.24,0.48,0.8,0.42,0.68,0.85,0.7070833333333333,0.45100671140939597,0.08303249097472924,0.0,0.8296146044624746,0.955607476635514,0.04439252336448598,0.3104166666666667,0.12166666666666667,0.5679166666666666,0.195,0.11541666666666667,False,0.09115618661257618,False
229,0.24,0.48,0.72,0.42,0.72,0.85,0.70625,0.45100671140939597,0.08303249097472924,0.0,0.8296146044624746,0.955607476635514,0.04439252336448598,0.3104166666666667,0.11583333333333333,0.57375,0.195,0.11541666666666667,False,0.09115618661257618,False
230,0.24,0.48,0.72,0.42,0.76,0.85,0.7045833333333333,0.45100671140939597,0.08303249097472924,0.0,0.8296146044624746,0.955607476635514,0.04439252336448598,0.3104166666666667,0.11916666666666667,0.5704166666666667,0.195,0.11541666666666667,False,0.09115618661257618,False
231,0.24,0.48,0.76,0.42,0.72,0.85,0.7041666666666667,0.45100671140939597,0.08303249097472924,0.0,0.8296146044624746,0.955607476635514,0.04439252336448598,0.3104166666666667,0.12208333333333334,0.5675,0.195,0.11541666666666667,False,0.09115618661257618,False
232,0.24,0.48,0.8,0.42,0.72,0.85,0.70375,0.45100671140939597,0.08303249097472924,0.0,0.8296146044624746,0.955607476635514,0.04439252336448598,0.3104166666666667,0.125,0.5645833333333333,0.195,0.11541666666666667,False,0.09115618661257618,False
233,0.24,0.48,0.76,0.42,0.76,0.85,0.7020833333333333,0.45100671140939597,0.08303249097472924,0.0,0.8296146044624746,0.955607476635514,0.04439252336448598,0.3104166666666667,0.12583333333333332,0.56375,0.195,0.11541666666666667,False,0.09115618661257618,False
234,0.24,0.48,0.8,0.42,0.76,0.85,0.70125,0.45100671140939597,0.08303249097472924,0.0,0.8296146044624746,0.955607476635514,0.04439252336448598,0.3104166666666667,0.12916666666666668,0.5604166666666667,0.195,0.11541666666666667,False,0.09115618661257618,False
235,0.2,0.48,0.72,0.42,0.68,0.85,0.7,0.45100671140939597,0.06837606837606838,0.0,0.8296146044624746,0.955607476635514,0.04439252336448598,0.3104166666666667,0.11291666666666667,0.5766666666666667,0.21291666666666667,0.0975,False,0.09115618661257618,False
236,0.2,0.48,0.76,0.42,0.68,0.85,0.6983333333333334,0.45100671140939597,0.06837606837606838,0.0,0.8296146044624746,0.955607476635514,0.04439252336448598,0.3104166666666667,0.11875,0.5708333333333333,0.21291666666666667,0.0975,False,0.09115618661257618,False
237,0.2,0.48,0.8,0.42,0.68,0.85,0.6979166666666666,0.45100671140939597,0.06837606837606838,0.0,0.8296146044624746,0.955607476635514,0.04439252336448598,0.3104166666666667,0.12166666666666667,0.5679166666666666,0.21291666666666667,0.0975,False,0.09115618661257618,False
238,0.2,0.48,0.72,0.42,0.72,0.85,0.6970833333333334,0.45100671140939597,0.06837606837606838,0.0,0.8296146044624746,0.955607476635514,0.04439252336448598,0.3104166666666667,0.11583333333333333,0.57375,0.21291666666666667,0.0975,False,0.09115618661257618,False
239,0.2,0.48,0.72,0.42,0.76,0.85,0.6954166666666667,0.45100671140939597,0.06837606837606838,0.0,0.8296146044624746,0.955607476635514,0.04439252336448598,0.3104166666666667,0.11916666666666667,0.5704166666666667,0.21291666666666667,0.0975,False,0.09115618661257618,False
240,0.2,0.48,0.76,0.42,0.72,0.85,0.695,0.45100671140939597,0.06837606837606838,0.0,0.8296146044624746,0.955607476635514,0.04439252336448598,0.3104166666666667,0.12208333333333334,0.5675,0.21291666666666667,0.0975,False,0.09115618661257618,False
241,0.2,0.48,0.8,0.42,0.72,0.85,0.6945833333333333,0.45100671140939597,0.06837606837606838,0.0,0.8296146044624746,0.955607476635514,0.04439252336448598,0.3104166666666667,0.125,0.5645833333333333,0.21291666666666667,0.0975,False,0.09115618661257618,False
242,0.2,0.48,0.76,0.42,0.76,0.85,0.6929166666666666,0.45100671140939597,0.06837606837606838,0.0,0.8296146044624746,0.955607476635514,0.04439252336448598,0.3104166666666667,0.12583333333333332,0.56375,0.21291666666666667,0.0975,False,0.09115618661257618,False
243,0.2,0.48,0.8,0.42,0.76,0.85,0.6920833333333334,0.45100671140939597,0.06837606837606838,0.0,0.8296146044624746,0.955607476635514,0.04439252336448598,0.3104166666666667,0.12916666666666668,0.5604166666666667,0.21291666666666667,0.0975,False,0.09115618661257618,False
244,0.27,0.52,0.72,0.38,0.68,0.85,0.7258333333333333,0.4289732770745429,0.13253012048192772,0.0,0.8453346855983773,0.9485981308411215,0.0514018691588785,0.29625,0.12708333333333333,0.5766666666666667,0.15791666666666668,0.13833333333333334,False,0.0941164251325789,False
245,0.27,0.52,0.76,0.38,0.68,0.85,0.7241666666666666,0.4289732770745429,0.13253012048192772,0.0,0.8453346855983773,0.9485981308411215,0.0514018691588785,0.29625,0.13291666666666666,0.5708333333333333,0.15791666666666668,0.13833333333333334,False,0.0941164251325789,False
246,0.27,0.52,0.8,0.38,0.68,0.85,0.72375,0.4289732770745429,0.13253012048192772,0.0,0.8453346855983773,0.9485981308411215,0.0514018691588785,0.29625,0.13583333333333333,0.5679166666666666,0.15791666666666668,0.13833333333333334,False,0.0941164251325789,False
247,0.27,0.52,0.72,0.38,0.72,0.85,0.7229166666666667,0.4297752808988764,0.13253012048192772,0.0,0.8448275862068966,0.9485981308411215,0.0514018691588785,0.2966666666666667,0.12958333333333333,0.57375,0.15833333333333333,0.13833333333333334,False,0.09563772330702114,False
248,0.27,0.52,0.72,0.38,0.76,0.85,0.72125,0.4297752808988764,0.13253012048192772,0.0,0.8448275862068966,0.9485981308411215,0.0514018691588785,0.2966666666666667,0.13291666666666666,0.5704166666666667,0.15833333333333333,0.13833333333333334,False,0.09563772330702114,False
249,0.27,0.52,0.76,0.38,0.72,0.85,0.7208333333333333,0.4297752808988764,0.13253012048192772,0.0,0.8448275862068966,0.9485981308411215,0.0514018691588785,0.2966666666666667,0.13583333333333333,0.5675,0.15833333333333333,0.13833333333333334,False,0.09563772330702114,False
250,0.27,0.52,0.8,0.38,0.72,0.85,0.7204166666666667,0.4297752808988764,0.13253012048192772,0.0,0.8448275862068966,0.9485981308411215,0.0514018691588785,0.2966666666666667,0.13875,0.5645833333333333,0.15833333333333333,0.13833333333333334,False,0.09563772330702114,False
251,0.27,0.52,0.76,0.38,0.76,0.85,0.71875,0.4297752808988764,0.13253012048192772,0.0,0.8448275862068966,0.9485981308411215,0.0514018691588785,0.2966666666666667,0.13958333333333334,0.56375,0.15833333333333333,0.13833333333333334,False,0.09563772330702114,False
252,0.27,0.52,0.8,0.38,0.76,0.85,0.7179166666666666,0.4297752808988764,0.13253012048192772,0.0,0.8448275862068966,0.9485981308411215,0.0514018691588785,0.2966666666666667,0.14291666666666666,0.5604166666666667,0.15833333333333333,0.13833333333333334,False,0.09563772330702114,False
253,0.24,0.5,0.72,0.42,0.68,0.85,0.705,0.4613368283093054,0.08303249097472924,0.0,0.821501014198783,0.9602803738317757,0.0397196261682243,0.3179166666666667,0.10541666666666667,0.5766666666666667,0.2025,0.11541666666666667,False,0.11549695740365107,False
254,0.24,0.5,0.76,0.42,0.68,0.85,0.7033333333333334,0.4613368283093054,0.08303249097472924,0.0,0.821501014198783,0.9602803738317757,0.0397196261682243,0.3179166666666667,0.11125,0.5708333333333333,0.2025,0.11541666666666667,False,0.11549695740365107,False
255,0.24,0.5,0.8,0.42,0.68,0.85,0.7029166666666666,0.4613368283093054,0.08303249097472924,0.0,0.821501014198783,0.9602803738317757,0.0397196261682243,0.3179166666666667,0.11416666666666667,0.5679166666666666,0.2025,0.11541666666666667,False,0.11549695740365107,False
256,0.24,0.5,0.72,0.42,0.72,0.85,0.7020833333333333,0.4613368283093054,0.08303249097472924,0.0,0.821501014198783,0.9602803738317757,0.0397196261682243,0.3179166666666667,0.10833333333333334,0.57375,0.2025,0.11541666666666667,False,0.11549695740365107,False
257,0.24,0.5,0.72,0.42,0.76,0.85,0.7004166666666667,0.4613368283093054,0.08303249097472924,0.0,0.821501014198783,0.9602803738317757,0.0397196261682243,0.3179166666666667,0.11166666666666666,0.5704166666666667,0.2025,0.11541666666666667,False,0.11549695740365107,False
258,0.24,0.5,0.76,0.42,0.72,0.85,0.7,0.4613368283093054,0.08303249097472924,0.0,0.821501014198783,0.9602803738317757,0.0397196261682243,0.3179166666666667,0.11458333333333333,0.5675,0.2025,0.11541666666666667,False,0.11549695740365107,False
259,0.24,0.5,0.8,0.42,0.72,0.85,0.6995833333333333,0.4613368283093054,0.08303249097472924,0.0,0.821501014198783,0.9602803738317757,0.0397196261682243,0.3179166666666667,0.1175,0.5645833333333333,0.2025,0.11541666666666667,False,0.11549695740365107,False
260,0.24,0.5,0.76,0.42,0.76,0.85,0.6979166666666666,0.4613368283093054,0.08303249097472924,0.0,0.821501014198783,0.9602803738317757,0.0397196261682243,0.3179166666666667,0.11833333333333333,0.56375,0.2025,0.11541666666666667,False,0.11549695740365107,False
261,0.24,0.5,0.8,0.42,0.76,0.85,0.6970833333333334,0.4613368283093054,0.08303249097472924,0.0,0.821501014198783,0.9602803738317757,0.0397196261682243,0.3179166666666667,0.12166666666666667,0.5604166666666667,0.2025,0.11541666666666667,False,0.11549695740365107,False
262,0.2,0.5,0.72,0.42,0.68,0.85,0.6958333333333333,0.4613368283093054,0.06837606837606838,0.0,0.821501014198783,0.9602803738317757,0.0397196261682243,0.3179166666666667,0.10541666666666667,0.5766666666666667,0.22041666666666668,0.0975,False,0.11549695740365107,False
263,0.2,0.5,0.76,0.42,0.68,0.85,0.6941666666666667,0.4613368283093054,0.06837606837606838,0.0,0.821501014198783,0.9602803738317757,0.0397196261682243,0.3179166666666667,0.11125,0.5708333333333333,0.22041666666666668,0.0975,False,0.11549695740365107,False
264,0.2,0.5,0.8,0.42,0.68,0.85,0.69375,0.4613368283093054,0.06837606837606838,0.0,0.821501014198783,0.9602803738317757,0.0397196261682243,0.3179166666666667,0.11416666666666667,0.5679166666666666,0.22041666666666668,0.0975,False,0.11549695740365107,False
265,0.2,0.5,0.72,0.42,0.72,0.85,0.6929166666666666,0.4613368283093054,0.06837606837606838,0.0,0.821501014198783,0.9602803738317757,0.0397196261682243,0.3179166666666667,0.10833333333333334,0.57375,0.22041666666666668,0.0975,False,0.11549695740365107,False
266,0.2,0.5,0.72,0.42,0.76,0.85,0.69125,0.4613368283093054,0.06837606837606838,0.0,0.821501014198783,0.9602803738317757,0.0397196261682243,0.3179166666666667,0.11166666666666666,0.5704166666666667,0.22041666666666668,0.0975,False,0.11549695740365107,False
267,0.2,0.5,0.76,0.42,0.72,0.85,0.6908333333333333,0.4613368283093054,0.06837606837606838,0.0,0.821501014198783,0.9602803738317757,0.0397196261682243,0.3179166666666667,0.11458333333333333,0.5675,0.22041666666666668,0.0975,False,0.11549695740365107,False
268,0.2,0.5,0.8,0.42,0.72,0.85,0.6904166666666667,0.4613368283093054,0.06837606837606838,0.0,0.821501014198783,0.9602803738317757,0.0397196261682243,0.3179166666666667,0.1175,0.5645833333333333,0.22041666666666668,0.0975,False,0.11549695740365107,False
269,0.2,0.5,0.76,0.42,0.76,0.85,0.68875,0.4613368283093054,0.06837606837606838,0.0,0.821501014198783,0.9602803738317757,0.0397196261682243,0.3179166666666667,0.11833333333333333,0.56375,0.22041666666666668,0.0975,False,0.11549695740365107,False
270,0.2,0.5,0.8,0.42,0.76,0.85,0.6879166666666666,0.4613368283093054,0.06837606837606838,0.0,0.821501014198783,0.9602803738317757,0.0397196261682243,0.3179166666666667,0.12166666666666667,0.5604166666666667,0.22041666666666668,0.0975,False,0.11549695740365107,False
271,0.27,0.46,0.72,0.42,0.68,0.85,0.7125,0.4448979591836735,0.13253012048192772,0.0,0.8341784989858012,0.9532710280373832,0.04672897196261682,0.30625,0.11708333333333333,0.5766666666666667,0.16791666666666666,0.13833333333333334,False,0.12758498497030724,False
272,0.27,0.46,0.76,0.42,0.68,0.85,0.7108333333333333,0.4448979591836735,0.13253012048192772,0.0,0.8341784989858012,0.9532710280373832,0.04672897196261682,0.30625,0.12291666666666666,0.5708333333333333,0.16791666666666666,0.13833333333333334,False,0.12758498497030724,False
273,0.27,0.46,0.8,0.42,0.68,0.85,0.7104166666666667,0.4448979591836735,0.13253012048192772,0.0,0.8341784989858012,0.9532710280373832,0.04672897196261682,0.30625,0.12583333333333332,0.5679166666666666,0.16791666666666666,0.13833333333333334,False,0.12758498497030724,False
274,0.27,0.46,0.72,0.42,0.72,0.85,0.7095833333333333,0.4448979591836735,0.13253012048192772,0.0,0.8341784989858012,0.9532710280373832,0.04672897196261682,0.30625,0.12,0.57375,0.16791666666666666,0.13833333333333334,False,0.12758498497030724,False
275,0.27,0.46,0.72,0.42,0.76,0.85,0.7079166666666666,0.4448979591836735,0.13253012048192772,0.0,0.8341784989858012,0.9532710280373832,0.04672897196261682,0.30625,0.12333333333333334,0.5704166666666667,0.16791666666666666,0.13833333333333334,False,0.12758498497030724,False
276,0.27,0.46,0.76,0.42,0.72,0.85,0.7075,0.4448979591836735,0.13253012048192772,0.0,0.8341784989858012,0.9532710280373832,0.04672897196261682,0.30625,0.12625,0.5675,0.16791666666666666,0.13833333333333334,False,0.12758498497030724,False
277,0.27,0.46,0.8,0.42,0.72,0.85,0.7070833333333333,0.4448979591836735,0.13253012048192772,0.0,0.8341784989858012,0.9532710280373832,0.04672897196261682,0.30625,0.12916666666666668,0.5645833333333333,0.16791666666666666,0.13833333333333334,False,0.12758498497030724,False
278,0.27,0.46,0.76,0.42,0.76,0.85,0.7054166666666667,0.4448979591836735,0.13253012048192772,0.0,0.8341784989858012,0.9532710280373832,0.04672897196261682,0.30625,0.13,0.56375,0.16791666666666666,0.13833333333333334,False,0.12758498497030724,False
279,0.27,0.46,0.8,0.42,0.76,0.85,0.7045833333333333,0.4448979591836735,0.13253012048192772,0.0,0.8341784989858012,0.9532710280373832,0.04672897196261682,0.30625,0.13333333333333333,0.5604166666666667,0.16791666666666666,0.13833333333333334,False,0.12758498497030724,False
280,0.24,0.52,0.72,0.42,0.68,0.85,0.7004166666666667,0.46983311938382544,0.08303249097472924,0.0,0.8144016227180527,0.9649532710280374,0.035046728971962614,0.32458333333333333,0.09875,0.5766666666666667,0.20916666666666667,0.11541666666666667,False,0.1367951318458418,False
281,0.24,0.52,0.76,0.42,0.68,0.85,0.69875,0.46983311938382544,0.08303249097472924,0.0,0.8144016227180527,0.9649532710280374,0.035046728971962614,0.32458333333333333,0.10458333333333333,0.5708333333333333,0.20916666666666667,0.11541666666666667,False,0.1367951318458418,False
282,0.24,0.52,0.8,0.42,0.68,0.85,0.6983333333333334,0.46983311938382544,0.08303249097472924,0.0,0.8144016227180527,0.9649532710280374,0.035046728971962614,0.32458333333333333,0.1075,0.5679166666666666,0.20916666666666667,0.11541666666666667,False,0.1367951318458418,False
283,0.2,0.52,0.72,0.42,0.68,0.85,0.69125,0.46983311938382544,0.06837606837606838,0.0,0.8144016227180527,0.9649532710280374,0.035046728971962614,0.32458333333333333,0.09875,0.5766666666666667,0.22708333333333333,0.0975,False,0.1367951318458418,False
284,0.2,0.52,0.76,0.42,0.68,0.85,0.6895833333333333,0.46983311938382544,0.06837606837606838,0.0,0.8144016227180527,0.9649532710280374,0.035046728971962614,0.32458333333333333,0.10458333333333333,0.5708333333333333,0.22708333333333333,0.0975,False,0.1367951318458418,False
285,0.2,0.52,0.8,0.42,0.68,0.85,0.6891666666666667,0.46983311938382544,0.06837606837606838,0.0,0.8144016227180527,0.9649532710280374,0.035046728971962614,0.32458333333333333,0.1075,0.5679166666666666,0.22708333333333333,0.0975,False,0.1367951318458418,False
286,0.24,0.52,0.72,0.42,0.72,0.85,0.6975,0.4705128205128205,0.08303249097472924,0.0,0.813894523326572,0.9649532710280374,0.035046728971962614,0.325,0.10125,0.57375,0.20958333333333334,0.11541666666666667,False,0.13831643002028404,False
287,0.24,0.52,0.72,0.42,0.76,0.85,0.6958333333333333,0.4705128205128205,0.08303249097472924,0.0,0.813894523326572,0.9649532710280374,0.035046728971962614,0.325,0.10458333333333333,0.5704166666666667,0.20958333333333334,0.11541666666666667,False,0.13831643002028404,False
288,0.24,0.52,0.76,0.42,0.72,0.85,0.6954166666666667,0.4705128205128205,0.08303249097472924,0.0,0.813894523326572,0.9649532710280374,0.035046728971962614,0.325,0.1075,0.5675,0.20958333333333334,0.11541666666666667,False,0.13831643002028404,False
289,0.24,0.52,0.8,0.42,0.72,0.85,0.695,0.4705128205128205,0.08303249097472924,0.0,0.813894523326572,0.9649532710280374,0.035046728971962614,0.325,0.11041666666666666,0.5645833333333333,0.20958333333333334,0.11541666666666667,False,0.13831643002028404,False
290,0.24,0.52,0.76,0.42,0.76,0.85,0.6933333333333334,0.4705128205128205,0.08303249097472924,0.0,0.813894523326572,0.9649532710280374,0.035046728971962614,0.325,0.11125,0.56375,0.20958333333333334,0.11541666666666667,False,0.13831643002028404,False
291,0.24,0.52,0.8,0.42,0.76,0.85,0.6925,0.4705128205128205,0.08303249097472924,0.0,0.813894523326572,0.9649532710280374,0.035046728971962614,0.325,0.11458333333333333,0.5604166666666667,0.20958333333333334,0.11541666666666667,False,0.13831643002028404,False
292,0.2,0.52,0.72,0.42,0.72,0.85,0.6883333333333334,0.4705128205128205,0.06837606837606838,0.0,0.813894523326572,0.9649532710280374,0.035046728971962614,0.325,0.10125,0.57375,0.2275,0.0975,False,0.13831643002028404,False
293,0.2,0.52,0.72,0.42,0.76,0.85,0.6866666666666666,0.4705128205128205,0.06837606837606838,0.0,0.813894523326572,0.9649532710280374,0.035046728971962614,0.325,0.10458333333333333,0.5704166666666667,0.2275,0.0975,False,0.13831643002028404,False
294,0.2,0.52,0.76,0.42,0.72,0.85,0.68625,0.4705128205128205,0.06837606837606838,0.0,0.813894523326572,0.9649532710280374,0.035046728971962614,0.325,0.1075,0.5675,0.2275,0.0975,False,0.13831643002028404,False
295,0.2,0.52,0.8,0.42,0.72,0.85,0.6858333333333333,0.4705128205128205,0.06837606837606838,0.0,0.813894523326572,0.9649532710280374,0.035046728971962614,0.325,0.11041666666666666,0.5645833333333333,0.2275,0.0975,False,0.13831643002028404,False
296,0.2,0.52,0.76,0.42,0.76,0.85,0.6841666666666667,0.4705128205128205,0.06837606837606838,0.0,0.813894523326572,0.9649532710280374,0.035046728971962614,0.325,0.11125,0.56375,0.2275,0.0975,False,0.13831643002028404,False
297,0.2,0.52,0.8,0.42,0.76,0.85,0.6833333333333333,0.4705128205128205,0.06837606837606838,0.0,0.813894523326572,0.9649532710280374,0.035046728971962614,0.325,0.11458333333333333,0.5604166666666667,0.2275,0.0975,False,0.13831643002028404,False
298,0.27,0.48,0.72,0.42,0.68,0.85,0.71,0.45100671140939597,0.13253012048192772,0.0,0.8296146044624746,0.955607476635514,0.04439252336448598,0.3104166666666667,0.11291666666666667,0.5766666666666667,0.17208333333333334,0.13833333333333334,False,0.1412766685402871,False
299,0.27,0.48,0.76,0.42,0.68,0.85,0.7083333333333334,0.45100671140939597,0.13253012048192772,0.0,0.8296146044624746,0.955607476635514,0.04439252336448598,0.3104166666666667,0.11875,0.5708333333333333,0.17208333333333334,0.13833333333333334,False,0.1412766685402871,False
300,0.27,0.48,0.8,0.42,0.68,0.85,0.7079166666666666,0.45100671140939597,0.13253012048192772,0.0,0.8296146044624746,0.955607476635514,0.04439252336448598,0.3104166666666667,0.12166666666666667,0.5679166666666666,0.17208333333333334,0.13833333333333334,False,0.1412766685402871,False
301,0.27,0.48,0.72,0.42,0.72,0.85,0.7070833333333333,0.45100671140939597,0.13253012048192772,0.0,0.8296146044624746,0.955607476635514,0.04439252336448598,0.3104166666666667,0.11583333333333333,0.57375,0.17208333333333334,0.13833333333333334,False,0.1412766685402871,False
302,0.27,0.48,0.72,0.42,0.76,0.85,0.7054166666666667,0.45100671140939597,0.13253012048192772,0.0,0.8296146044624746,0.955607476635514,0.04439252336448598,0.3104166666666667,0.11916666666666667,0.5704166666666667,0.17208333333333334,0.13833333333333334,False,0.1412766685402871,False
303,0.27,0.48,0.76,0.42,0.72,0.85,0.705,0.45100671140939597,0.13253012048192772,0.0,0.8296146044624746,0.955607476635514,0.04439252336448598,0.3104166666666667,0.12208333333333334,0.5675,0.17208333333333334,0.13833333333333334,False,0.1412766685402871,False
304,0.27,0.48,0.8,0.42,0.72,0.85,0.7045833333333333,0.45100671140939597,0.13253012048192772,0.0,0.8296146044624746,0.955607476635514,0.04439252336448598,0.3104166666666667,0.125,0.5645833333333333,0.17208333333333334,0.13833333333333334,False,0.1412766685402871,False
305,0.27,0.48,0.76,0.42,0.76,0.85,0.7029166666666666,0.45100671140939597,0.13253012048192772,0.0,0.8296146044624746,0.955607476635514,0.04439252336448598,0.3104166666666667,0.12583333333333332,0.56375,0.17208333333333334,0.13833333333333334,False,0.1412766685402871,False
306,0.27,0.48,0.8,0.42,0.76,0.85,0.7020833333333333,0.45100671140939597,0.13253012048192772,0.0,0.8296146044624746,0.955607476635514,0.04439252336448598,0.3104166666666667,0.12916666666666668,0.5604166666666667,0.17208333333333334,0.13833333333333334,False,0.1412766685402871,False
307,0.27,0.5,0.72,0.42,0.68,0.85,0.7058333333333333,0.4613368283093054,0.13253012048192772,0.0,0.821501014198783,0.9602803738317757,0.0397196261682243,0.3179166666666667,0.10541666666666667,0.5766666666666667,0.17958333333333334,0.13833333333333334,False,0.16561743933136197,False
308,0.27,0.5,0.76,0.42,0.68,0.85,0.7041666666666667,0.4613368283093054,0.13253012048192772,0.0,0.821501014198783,0.9602803738317757,0.0397196261682243,0.3179166666666667,0.11125,0.5708333333333333,0.17958333333333334,0.13833333333333334,False,0.16561743933136197,False
309,0.27,0.5,0.8,0.42,0.68,0.85,0.70375,0.4613368283093054,0.13253012048192772,0.0,0.821501014198783,0.9602803738317757,0.0397196261682243,0.3179166666666667,0.11416666666666667,0.5679166666666666,0.17958333333333334,0.13833333333333334,False,0.16561743933136197,False
310,0.27,0.5,0.72,0.42,0.72,0.85,0.7029166666666666,0.4613368283093054,0.13253012048192772,0.0,0.821501014198783,0.9602803738317757,0.0397196261682243,0.3179166666666667,0.10833333333333334,0.57375,0.17958333333333334,0.13833333333333334,False,0.16561743933136197,False
311,0.27,0.5,0.72,0.42,0.76,0.85,0.70125,0.4613368283093054,0.13253012048192772,0.0,0.821501014198783,0.9602803738317757,0.0397196261682243,0.3179166666666667,0.11166666666666666,0.5704166666666667,0.17958333333333334,0.13833333333333334,False,0.16561743933136197,False
312,0.27,0.5,0.76,0.42,0.72,0.85,0.7008333333333333,0.4613368283093054,0.13253012048192772,0.0,0.821501014198783,0.9602803738317757,0.0397196261682243,0.3179166666666667,0.11458333333333333,0.5675,0.17958333333333334,0.13833333333333334,False,0.16561743933136197,False
313,0.27,0.5,0.8,0.42,0.72,0.85,0.7004166666666667,0.4613368283093054,0.13253012048192772,0.0,0.821501014198783,0.9602803738317757,0.0397196261682243,0.3179166666666667,0.1175,0.5645833333333333,0.17958333333333334,0.13833333333333334,False,0.16561743933136197,False
314,0.27,0.5,0.76,0.42,0.76,0.85,0.69875,0.4613368283093054,0.13253012048192772,0.0,0.821501014198783,0.9602803738317757,0.0397196261682243,0.3179166666666667,0.11833333333333333,0.56375,0.17958333333333334,0.13833333333333334,False,0.16561743933136197,False
315,0.27,0.5,0.8,0.42,0.76,0.85,0.6979166666666666,0.4613368283093054,0.13253012048192772,0.0,0.821501014198783,0.9602803738317757,0.0397196261682243,0.3179166666666667,0.12166666666666667,0.5604166666666667,0.17958333333333334,0.13833333333333334,False,0.16561743933136197,False
316,0.27,0.52,0.72,0.42,0.68,0.85,0.70125,0.46983311938382544,0.13253012048192772,0.0,0.8144016227180527,0.9649532710280374,0.035046728971962614,0.32458333333333333,0.09875,0.5766666666666667,0.18625,0.13833333333333334,False,0.1869156137735527,False
317,0.27,0.52,0.76,0.42,0.68,0.85,0.6995833333333333,0.46983311938382544,0.13253012048192772,0.0,0.8144016227180527,0.9649532710280374,0.035046728971962614,0.32458333333333333,0.10458333333333333,0.5708333333333333,0.18625,0.13833333333333334,False,0.1869156137735527,False
318,0.27,0.52,0.8,0.42,0.68,0.85,0.6991666666666667,0.46983311938382544,0.13253012048192772,0.0,0.8144016227180527,0.9649532710280374,0.035046728971962614,0.32458333333333333,0.1075,0.5679166666666666,0.18625,0.13833333333333334,False,0.1869156137735527,False
319,0.27,0.52,0.72,0.42,0.72,0.85,0.6983333333333334,0.4705128205128205,0.13253012048192772,0.0,0.813894523326572,0.9649532710280374,0.035046728971962614,0.325,0.10125,0.57375,0.18666666666666668,0.13833333333333334,False,0.18843691194799495,False
320,0.27,0.52,0.72,0.42,0.76,0.85,0.6966666666666667,0.4705128205128205,0.13253012048192772,0.0,0.813894523326572,0.9649532710280374,0.035046728971962614,0.325,0.10458333333333333,0.5704166666666667,0.18666666666666668,0.13833333333333334,False,0.18843691194799495,False
321,0.27,0.52,0.76,0.42,0.72,0.85,0.69625,0.4705128205128205,0.13253012048192772,0.0,0.813894523326572,0.9649532710280374,0.035046728971962614,0.325,0.1075,0.5675,0.18666666666666668,0.13833333333333334,False,0.18843691194799495,False
322,0.27,0.52,0.8,0.42,0.72,0.85,0.6958333333333333,0.4705128205128205,0.13253012048192772,0.0,0.813894523326572,0.9649532710280374,0.035046728971962614,0.325,0.11041666666666666,0.5645833333333333,0.18666666666666668,0.13833333333333334,False,0.18843691194799495,False
323,0.27,0.52,0.76,0.42,0.76,0.85,0.6941666666666667,0.4705128205128205,0.13253012048192772,0.0,0.813894523326572,0.9649532710280374,0.035046728971962614,0.325,0.11125,0.56375,0.18666666666666668,0.13833333333333334,False,0.18843691194799495,False
324,0.27,0.52,0.8,0.42,0.76,0.85,0.6933333333333334,0.4705128205128205,0.13253012048192772,0.0,0.813894523326572,0.9649532710280374,0.035046728971962614,0.325,0.11458333333333333,0.5604166666666667,0.18666666666666668,0.13833333333333334,False,0.18843691194799495,False
325,0.3,0.46,0.72,0.34,0.68,0.85,0.7475,0.38413685847589424,0.17468354430379746,0.002531645569620253,0.8747464503042597,0.9252336448598131,0.07476635514018691,0.2679166666666667,0.15541666666666668,0.5766666666666667,0.10333333333333333,0.16458333333333333,False,0.21873417721518984,False
326,0.3,0.46,0.76,0.34,0.68,0.85,0.7458333333333333,0.38413685847589424,0.17468354430379746,0.002531645569620253,0.8747464503042597,0.9252336448598131,0.07476635514018691,0.2679166666666667,0.16125,0.5708333333333333,0.10333333333333333,0.16458333333333333,False,0.21873417721518984,False
327,0.3,0.46,0.8,0.34,0.68,0.85,0.7454166666666666,0.38413685847589424,0.17468354430379746,0.002531645569620253,0.8747464503042597,0.9252336448598131,0.07476635514018691,0.2679166666666667,0.16416666666666666,0.5679166666666666,0.10333333333333333,0.16458333333333333,False,0.21873417721518984,False
328,0.3,0.48,0.72,0.34,0.68,0.85,0.745,0.39203675344563554,0.17468354430379746,0.002531645569620253,0.8701825557809331,0.927570093457944,0.07242990654205607,0.27208333333333334,0.15125,0.5766666666666667,0.1075,0.16458333333333333,False,0.21873417721518984,False
329,0.3,0.46,0.72,0.34,0.72,0.85,0.7445833333333334,0.38413685847589424,0.17468354430379746,0.002531645569620253,0.8747464503042597,0.9252336448598131,0.07476635514018691,0.2679166666666667,0.15833333333333333,0.57375,0.10333333333333333,0.16458333333333333,False,0.21873417721518984,False
330,0.3,0.48,0.76,0.34,0.68,0.85,0.7433333333333333,0.39203675344563554,0.17468354430379746,0.002531645569620253,0.8701825557809331,0.927570093457944,0.07242990654205607,0.27208333333333334,0.15708333333333332,0.5708333333333333,0.1075,0.16458333333333333,False,0.21873417721518984,False
331,0.3,0.48,0.8,0.34,0.68,0.85,0.7429166666666667,0.39203675344563554,0.17468354430379746,0.002531645569620253,0.8701825557809331,0.927570093457944,0.07242990654205607,0.27208333333333334,0.16,0.5679166666666666,0.1075,0.16458333333333333,False,0.21873417721518984,False
332,0.3,0.46,0.72,0.34,0.76,0.85,0.7429166666666667,0.38413685847589424,0.17468354430379746,0.002531645569620253,0.8747464503042597,0.9252336448598131,0.07476635514018691,0.2679166666666667,0.16166666666666665,0.5704166666666667,0.10333333333333333,0.16458333333333333,False,0.21873417721518984,False
333,0.3,0.46,0.76,0.34,0.72,0.85,0.7425,0.38413685847589424,0.17468354430379746,0.002531645569620253,0.8747464503042597,0.9252336448598131,0.07476635514018691,0.2679166666666667,0.16458333333333333,0.5675,0.10333333333333333,0.16458333333333333,False,0.21873417721518984,False
334,0.3,0.48,0.72,0.34,0.72,0.85,0.7420833333333333,0.39203675344563554,0.17468354430379746,0.002531645569620253,0.8701825557809331,0.927570093457944,0.07242990654205607,0.27208333333333334,0.15416666666666667,0.57375,0.1075,0.16458333333333333,False,0.21873417721518984,False
335,0.3,0.46,0.8,0.34,0.72,0.85,0.7420833333333333,0.38413685847589424,0.17468354430379746,0.002531645569620253,0.8747464503042597,0.9252336448598131,0.07476635514018691,0.2679166666666667,0.1675,0.5645833333333333,0.10333333333333333,0.16458333333333333,False,0.21873417721518984,False
336,0.3,0.5,0.72,0.34,0.68,0.85,0.7408333333333333,0.40536512667660207,0.17468354430379746,0.002531645569620253,0.8620689655172413,0.9322429906542056,0.06775700934579439,0.27958333333333335,0.14375,0.5766666666666667,0.115,0.16458333333333333,False,0.21873417721518984,False
337,0.3,0.48,0.72,0.34,0.76,0.85,0.7404166666666666,0.39203675344563554,0.17468354430379746,0.002531645569620253,0.8701825557809331,0.927570093457944,0.07242990654205607,0.27208333333333334,0.1575,0.5704166666666667,0.1075,0.16458333333333333,False,0.21873417721518984,False
338,0.3,0.46,0.76,0.34,0.76,0.85,0.7404166666666666,0.38413685847589424,0.17468354430379746,0.002531645569620253,0.8747464503042597,0.9252336448598131,0.07476635514018691,0.2679166666666667,0.16833333333333333,0.56375,0.10333333333333333,0.16458333333333333,False,0.21873417721518984,False
339,0.3,0.48,0.76,0.34,0.72,0.85,0.74,0.39203675344563554,0.17468354430379746,0.002531645569620253,0.8701825557809331,0.927570093457944,0.07242990654205607,0.27208333333333334,0.16041666666666668,0.5675,0.1075,0.16458333333333333,False,0.21873417721518984,False
340,0.3,0.46,0.72,0.38,0.68,0.85,0.7395833333333334,0.3988005997001499,0.17468354430379746,0.002531645569620253,0.8651115618661258,0.9369158878504673,0.0630841121495327,0.27791666666666665,0.14541666666666667,0.5766666666666667,0.11333333333333333,0.16458333333333333,False,0.21873417721518984,False
341,0.3,0.48,0.8,0.34,0.72,0.85,0.7395833333333334,0.39203675344563554,0.17468354430379746,0.002531645569620253,0.8701825557809331,0.927570093457944,0.07242990654205607,0.27208333333333334,0.16333333333333333,0.5645833333333333,0.1075,0.16458333333333333,False,0.21873417721518984,False
342,0.3,0.46,0.8,0.34,0.76,0.85,0.7395833333333334,0.38413685847589424,0.17468354430379746,0.002531645569620253,0.8747464503042597,0.9252336448598131,0.07476635514018691,0.2679166666666667,0.17166666666666666,0.5604166666666667,0.10333333333333333,0.16458333333333333,False,0.21873417721518984,False
343,0.3,0.5,0.76,0.34,0.68,0.85,0.7391666666666666,0.40536512667660207,0.17468354430379746,0.002531645569620253,0.8620689655172413,0.9322429906542056,0.06775700934579439,0.27958333333333335,0.14958333333333335,0.5708333333333333,0.115,0.16458333333333333,False,0.21873417721518984,False
344,0.3,0.5,0.8,0.34,0.68,0.85,0.73875,0.40536512667660207,0.17468354430379746,0.002531645569620253,0.8620689655172413,0.9322429906542056,0.06775700934579439,0.27958333333333335,0.1525,0.5679166666666666,0.115,0.16458333333333333,False,0.21873417721518984,False
345,0.3,0.5,0.72,0.34,0.72,0.85,0.7379166666666667,0.40536512667660207,0.17468354430379746,0.002531645569620253,0.8620689655172413,0.9322429906542056,0.06775700934579439,0.27958333333333335,0.14666666666666667,0.57375,0.115,0.16458333333333333,False,0.21873417721518984,False
346,0.3,0.46,0.76,0.38,0.68,0.85,0.7379166666666667,0.3988005997001499,0.17468354430379746,0.002531645569620253,0.8651115618661258,0.9369158878504673,0.0630841121495327,0.27791666666666665,0.15125,0.5708333333333333,0.11333333333333333,0.16458333333333333,False,0.21873417721518984,False
347,0.3,0.48,0.76,0.34,0.76,0.85,0.7379166666666667,0.39203675344563554,0.17468354430379746,0.002531645569620253,0.8701825557809331,0.927570093457944,0.07242990654205607,0.27208333333333334,0.16416666666666666,0.56375,0.1075,0.16458333333333333,False,0.21873417721518984,False
348,0.3,0.46,0.8,0.38,0.68,0.85,0.7375,0.3988005997001499,0.17468354430379746,0.002531645569620253,0.8651115618661258,0.9369158878504673,0.0630841121495327,0.27791666666666665,0.15416666666666667,0.5679166666666666,0.11333333333333333,0.16458333333333333,False,0.21873417721518984,False
349,0.3,0.48,0.72,0.38,0.68,0.85,0.7370833333333333,0.40620384047267355,0.17468354430379746,0.002531645569620253,0.8605476673427992,0.9392523364485982,0.06074766355140187,0.28208333333333335,0.14125,0.5766666666666667,0.1175,0.16458333333333333,False,0.21873417721518984,False
350,0.3,0.48,0.8,0.34,0.76,0.85,0.7370833333333333,0.39203675344563554,0.17468354430379746,0.002531645569620253,0.8701825557809331,0.927570093457944,0.07242990654205607,0.27208333333333334,0.1675,0.5604166666666667,0.1075,0.16458333333333333,False,0.21873417721518984,False
351,0.3,0.46,0.72,0.38,0.72,0.85,0.7366666666666667,0.3988005997001499,0.17468354430379746,0.002531645569620253,0.8651115618661258,0.9369158878504673,0.0630841121495327,0.27791666666666665,0.14833333333333334,0.57375,0.11333333333333333,0.16458333333333333,False,0.21873417721518984,False
352,0.3,0.5,0.72,0.34,0.76,0.85,0.73625,0.40536512667660207,0.17468354430379746,0.002531645569620253,0.8620689655172413,0.9322429906542056,0.06775700934579439,0.27958333333333335,0.15,0.5704166666666667,0.115,0.16458333333333333,False,0.21873417721518984,False
353,0.3,0.5,0.76,0.34,0.72,0.85,0.7358333333333333,0.40536512667660207,0.17468354430379746,0.002531645569620253,0.8620689655172413,0.9322429906542056,0.06775700934579439,0.27958333333333335,0.15291666666666667,0.5675,0.115,0.16458333333333333,False,0.21873417721518984,False
354,0.3,0.48,0.76,0.38,0.68,0.85,0.7354166666666667,0.40620384047267355,0.17468354430379746,0.002531645569620253,0.8605476673427992,0.9392523364485982,0.06074766355140187,0.28208333333333335,0.14708333333333334,0.5708333333333333,0.1175,0.16458333333333333,False,0.21873417721518984,False
355,0.3,0.5,0.8,0.34,0.72,0.85,0.7354166666666667,0.40536512667660207,0.17468354430379746,0.002531645569620253,0.8620689655172413,0.9322429906542056,0.06775700934579439,0.27958333333333335,0.15583333333333332,0.5645833333333333,0.115,0.16458333333333333,False,0.21873417721518984,False
356,0.3,0.48,0.8,0.38,0.68,0.85,0.735,0.40620384047267355,0.17468354430379746,0.002531645569620253,0.8605476673427992,0.9392523364485982,0.06074766355140187,0.28208333333333335,0.15,0.5679166666666666,0.1175,0.16458333333333333,False,0.21873417721518984,False
357,0.3,0.46,0.72,0.38,0.76,0.85,0.735,0.3988005997001499,0.17468354430379746,0.002531645569620253,0.8651115618661258,0.9369158878504673,0.0630841121495327,0.27791666666666665,0.15166666666666667,0.5704166666666667,0.11333333333333333,0.16458333333333333,False,0.21873417721518984,False
358,0.3,0.46,0.76,0.38,0.72,0.85,0.7345833333333334,0.3988005997001499,0.17468354430379746,0.002531645569620253,0.8651115618661258,0.9369158878504673,0.0630841121495327,0.27791666666666665,0.15458333333333332,0.5675,0.11333333333333333,0.16458333333333333,False,0.21873417721518984,False
359,0.3,0.48,0.72,0.38,0.72,0.85,0.7341666666666666,0.40620384047267355,0.17468354430379746,0.002531645569620253,0.8605476673427992,0.9392523364485982,0.06074766355140187,0.28208333333333335,0.14416666666666667,0.57375,0.1175,0.16458333333333333,False,0.21873417721518984,False
360,0.3,0.46,0.8,0.38,0.72,0.85,0.7341666666666666,0.3988005997001499,0.17468354430379746,0.002531645569620253,0.8651115618661258,0.9369158878504673,0.0630841121495327,0.27791666666666665,0.1575,0.5645833333333333,0.11333333333333333,0.16458333333333333,False,0.21873417721518984,False
361,0.3,0.5,0.76,0.34,0.76,0.85,0.73375,0.40536512667660207,0.17468354430379746,0.002531645569620253,0.8620689655172413,0.9322429906542056,0.06775700934579439,0.27958333333333335,0.15666666666666668,0.56375,0.115,0.16458333333333333,False,0.21873417721518984,False
362,0.3,0.5,0.8,0.34,0.76,0.85,0.7329166666666667,0.40536512667660207,0.17468354430379746,0.002531645569620253,0.8620689655172413,0.9322429906542056,0.06775700934579439,0.27958333333333335,0.16,0.5604166666666667,0.115,0.16458333333333333,False,0.21873417721518984,False
363,0.3,0.48,0.72,0.38,0.76,0.85,0.7325,0.40620384047267355,0.17468354430379746,0.002531645569620253,0.8605476673427992,0.9392523364485982,0.06074766355140187,0.28208333333333335,0.1475,0.5704166666666667,0.1175,0.16458333333333333,False,0.21873417721518984,False
364,0.3,0.46,0.76,0.38,0.76,0.85,0.7325,0.3988005997001499,0.17468354430379746,0.002531645569620253,0.8651115618661258,0.9369158878504673,0.0630841121495327,0.27791666666666665,0.15833333333333333,0.56375,0.11333333333333333,0.16458333333333333,False,0.21873417721518984,False
365,0.3,0.48,0.76,0.38,0.72,0.85,0.7320833333333333,0.40620384047267355,0.17468354430379746,0.002531645569620253,0.8605476673427992,0.9392523364485982,0.06074766355140187,0.28208333333333335,0.15041666666666667,0.5675,0.1175,0.16458333333333333,False,0.21873417721518984,False
366,0.3,0.48,0.8,0.38,0.72,0.85,0.7316666666666667,0.40620384047267355,0.17468354430379746,0.002531645569620253,0.8605476673427992,0.9392523364485982,0.06074766355140187,0.28208333333333335,0.15333333333333332,0.5645833333333333,0.1175,0.16458333333333333,False,0.21873417721518984,False
367,0.3,0.46,0.8,0.38,0.76,0.85,0.7316666666666667,0.3988005997001499,0.17468354430379746,0.002531645569620253,0.8651115618661258,0.9369158878504673,0.0630841121495327,0.27791666666666665,0.16166666666666665,0.5604166666666667,0.11333333333333333,0.16458333333333333,False,0.21873417721518984,False
368,0.3,0.48,0.76,0.38,0.76,0.85,0.73,0.40620384047267355,0.17468354430379746,0.002531645569620253,0.8605476673427992,0.9392523364485982,0.06074766355140187,0.28208333333333335,0.15416666666666667,0.56375,0.1175,0.16458333333333333,False,0.21873417721518984,False
369,0.3,0.48,0.8,0.38,0.76,0.85,0.7291666666666666,0.40620384047267355,0.17468354430379746,0.002531645569620253,0.8605476673427992,0.9392523364485982,0.06074766355140187,0.28208333333333335,0.1575,0.5604166666666667,0.1175,0.16458333333333333,False,0.21873417721518984,False
370,0.3,0.52,0.72,0.34,0.68,0.85,0.73625,0.4163027656477438,0.17468354430379746,0.002531645569620253,0.8549695740365112,0.9369158878504673,0.0630841121495327,0.28625,0.13708333333333333,0.5766666666666667,0.12166666666666667,0.16458333333333333,False,0.23382545510565622,False
371,0.3,0.52,0.76,0.34,0.68,0.85,0.7345833333333334,0.4163027656477438,0.17468354430379746,0.002531645569620253,0.8549695740365112,0.9369158878504673,0.0630841121495327,0.28625,0.14291666666666666,0.5708333333333333,0.12166666666666667,0.16458333333333333,False,0.23382545510565622,False
372,0.3,0.52,0.8,0.34,0.68,0.85,0.7341666666666666,0.4163027656477438,0.17468354430379746,0.002531645569620253,0.8549695740365112,0.9369158878504673,0.0630841121495327,0.28625,0.14583333333333334,0.5679166666666666,0.12166666666666667,0.16458333333333333,False,0.23382545510565622,False
373,0.3,0.52,0.72,0.34,0.72,0.85,0.7333333333333333,0.4171511627906977,0.17468354430379746,0.002531645569620253,0.8544624746450304,0.9369158878504673,0.0630841121495327,0.2866666666666667,0.13958333333333334,0.57375,0.12208333333333334,0.16458333333333333,False,0.23534675328009846,False
374,0.3,0.52,0.72,0.34,0.76,0.85,0.7316666666666667,0.4171511627906977,0.17468354430379746,0.002531645569620253,0.8544624746450304,0.9369158878504673,0.0630841121495327,0.2866666666666667,0.14291666666666666,0.5704166666666667,0.12208333333333334,0.16458333333333333,False,0.23534675328009846,False
375,0.3,0.52,0.76,0.34,0.72,0.85,0.73125,0.4171511627906977,0.17468354430379746,0.002531645569620253,0.8544624746450304,0.9369158878504673,0.0630841121495327,0.2866666666666667,0.14583333333333334,0.5675,0.12208333333333334,0.16458333333333333,False,0.23534675328009846,False
376,0.3,0.52,0.8,0.34,0.72,0.85,0.7308333333333333,0.4171511627906977,0.17468354430379746,0.002531645569620253,0.8544624746450304,0.9369158878504673,0.0630841121495327,0.2866666666666667,0.14875,0.5645833333333333,0.12208333333333334,0.16458333333333333,False,0.23534675328009846,False
377,0.3,0.52,0.76,0.34,0.76,0.85,0.7291666666666666,0.4171511627906977,0.17468354430379746,0.002531645569620253,0.8544624746450304,0.9369158878504673,0.0630841121495327,0.2866666666666667,0.14958333333333335,0.56375,0.12208333333333334,0.16458333333333333,False,0.23534675328009846,False
378,0.3,0.52,0.8,0.34,0.76,0.85,0.7283333333333334,0.4171511627906977,0.17468354430379746,0.002531645569620253,0.8544624746450304,0.9369158878504673,0.0630841121495327,0.2866666666666667,0.15291666666666667,0.5604166666666667,0.12208333333333334,0.16458333333333333,False,0.23534675328009846,False
379,0.3,0.5,0.72,0.38,0.68,0.85,0.7329166666666667,0.418705035971223,0.17468354430379746,0.002531645569620253,0.8524340770791075,0.9439252336448598,0.056074766355140186,0.28958333333333336,0.13375,0.5766666666666667,0.125,0.16458333333333333,False,0.24143194597786743,False
380,0.3,0.5,0.76,0.38,0.68,0.85,0.73125,0.418705035971223,0.17468354430379746,0.002531645569620253,0.8524340770791075,0.9439252336448598,0.056074766355140186,0.28958333333333336,0.13958333333333334,0.5708333333333333,0.125,0.16458333333333333,False,0.24143194597786743,False
381,0.3,0.5,0.8,0.38,0.68,0.85,0.7308333333333333,0.418705035971223,0.17468354430379746,0.002531645569620253,0.8524340770791075,0.9439252336448598,0.056074766355140186,0.28958333333333336,0.1425,0.5679166666666666,0.125,0.16458333333333333,False,0.24143194597786743,False
382,0.3,0.5,0.72,0.38,0.72,0.85,0.73,0.418705035971223,0.17468354430379746,0.002531645569620253,0.8524340770791075,0.9439252336448598,0.056074766355140186,0.28958333333333336,0.13666666666666666,0.57375,0.125,0.16458333333333333,False,0.24143194597786743,False
383,0.3,0.5,0.72,0.38,0.76,0.85,0.7283333333333334,0.418705035971223,0.17468354430379746,0.002531645569620253,0.8524340770791075,0.9439252336448598,0.056074766355140186,0.28958333333333336,0.14,0.5704166666666667,0.125,0.16458333333333333,False,0.24143194597786743,False
384,0.3,0.5,0.76,0.38,0.72,0.85,0.7279166666666667,0.418705035971223,0.17468354430379746,0.002531645569620253,0.8524340770791075,0.9439252336448598,0.056074766355140186,0.28958333333333336,0.14291666666666666,0.5675,0.125,0.16458333333333333,False,0.24143194597786743,False
385,0.3,0.5,0.8,0.38,0.72,0.85,0.7275,0.418705035971223,0.17468354430379746,0.002531645569620253,0.8524340770791075,0.9439252336448598,0.056074766355140186,0.28958333333333336,0.14583333333333334,0.5645833333333333,0.125,0.16458333333333333,False,0.24143194597786743,False
386,0.3,0.5,0.76,0.38,0.76,0.85,0.7258333333333333,0.418705035971223,0.17468354430379746,0.002531645569620253,0.8524340770791075,0.9439252336448598,0.056074766355140186,0.28958333333333336,0.14666666666666667,0.56375,0.125,0.16458333333333333,False,0.24143194597786743,False
387,0.3,0.5,0.8,0.38,0.76,0.85,0.725,0.418705035971223,0.17468354430379746,0.002531645569620253,0.8524340770791075,0.9439252336448598,0.056074766355140186,0.28958333333333336,0.15,0.5604166666666667,0.125,0.16458333333333333,False,0.24143194597786743,False
388,0.3,0.52,0.72,0.38,0.68,0.85,0.7283333333333334,0.4289732770745429,0.17468354430379746,0.002531645569620253,0.8453346855983773,0.9485981308411215,0.0514018691588785,0.29625,0.12708333333333333,0.5766666666666667,0.13166666666666665,0.16458333333333333,False,0.26273012042005783,False
389,0.3,0.52,0.76,0.38,0.68,0.85,0.7266666666666667,0.4289732770745429,0.17468354430379746,0.002531645569620253,0.8453346855983773,0.9485981308411215,0.0514018691588785,0.29625,0.13291666666666666,0.5708333333333333,0.13166666666666665,0.16458333333333333,False,0.26273012042005783,False
390,0.3,0.52,0.8,0.38,0.68,0.85,0.72625,0.4289732770745429,0.17468354430379746,0.002531645569620253,0.8453346855983773,0.9485981308411215,0.0514018691588785,0.29625,0.13583333333333333,0.5679166666666666,0.13166666666666665,0.16458333333333333,False,0.26273012042005783,False
391,0.3,0.52,0.72,0.38,0.72,0.85,0.7254166666666667,0.4297752808988764,0.17468354430379746,0.002531645569620253,0.8448275862068966,0.9485981308411215,0.0514018691588785,0.2966666666666667,0.12958333333333333,0.57375,0.13208333333333333,0.16458333333333333,False,0.2642514185945001,False
392,0.3,0.52,0.72,0.38,0.76,0.85,0.72375,0.4297752808988764,0.17468354430379746,0.002531645569620253,0.8448275862068966,0.9485981308411215,0.0514018691588785,0.2966666666666667,0.13291666666666666,0.5704166666666667,0.13208333333333333,0.16458333333333333,False,0.2642514185945001,False
393,0.3,0.52,0.76,0.38,0.72,0.85,0.7233333333333334,0.4297752808988764,0.17468354430379746,0.002531645569620253,0.8448275862068966,0.9485981308411215,0.0514018691588785,0.2966666666666667,0.13583333333333333,0.5675,0.13208333333333333,0.16458333333333333,False,0.2642514185945001,False
394,0.3,0.52,0.8,0.38,0.72,0.85,0.7229166666666667,0.4297752808988764,0.17468354430379746,0.002531645569620253,0.8448275862068966,0.9485981308411215,0.0514018691588785,0.2966666666666667,0.13875,0.5645833333333333,0.13208333333333333,0.16458333333333333,False,0.2642514185945001,False
395,0.3,0.52,0.76,0.38,0.76,0.85,0.72125,0.4297752808988764,0.17468354430379746,0.002531645569620253,0.8448275862068966,0.9485981308411215,0.0514018691588785,0.2966666666666667,0.13958333333333334,0.56375,0.13208333333333333,0.16458333333333333,False,0.2642514185945001,False
396,0.3,0.52,0.8,0.38,0.76,0.85,0.7204166666666667,0.4297752808988764,0.17468354430379746,0.002531645569620253,0.8448275862068966,0.9485981308411215,0.0514018691588785,0.2966666666666667,0.14291666666666666,0.5604166666666667,0.13208333333333333,0.16458333333333333,False,0.2642514185945001,False
397,0.3,0.46,0.72,0.42,0.68,0.85,0.715,0.4448979591836735,0.17468354430379746,0.002531645569620253,0.8341784989858012,0.9532710280373832,0.04672897196261682,0.30625,0.11708333333333333,0.5766666666666667,0.14166666666666666,0.16458333333333333,False,0.2961986802577862,False
398,0.3,0.46,0.76,0.42,0.68,0.85,0.7133333333333334,0.4448979591836735,0.17468354430379746,0.002531645569620253,0.8341784989858012,0.9532710280373832,0.04672897196261682,0.30625,0.12291666666666666,0.5708333333333333,0.14166666666666666,0.16458333333333333,False,0.2961986802577862,False
399,0.3,0.46,0.8,0.42,0.68,0.85,0.7129166666666666,0.4448979591836735,0.17468354430379746,0.002531645569620253,0.8341784989858012,0.9532710280373832,0.04672897196261682,0.30625,0.12583333333333332,0.5679166666666666,0.14166666666666666,0.16458333333333333,False,0.2961986802577862,False
400,0.3,0.46,0.72,0.42,0.72,0.85,0.7120833333333333,0.4448979591836735,0.17468354430379746,0.002531645569620253,0.8341784989858012,0.9532710280373832,0.04672897196261682,0.30625,0.12,0.57375,0.14166666666666666,0.16458333333333333,False,0.2961986802577862,False
401,0.3,0.46,0.72,0.42,0.76,0.85,0.7104166666666667,0.4448979591836735,0.17468354430379746,0.002531645569620253,0.8341784989858012,0.9532710280373832,0.04672897196261682,0.30625,0.12333333333333334,0.5704166666666667,0.14166666666666666,0.16458333333333333,False,0.2961986802577862,False
402,0.3,0.46,0.76,0.42,0.72,0.85,0.71,0.4448979591836735,0.17468354430379746,0.002531645569620253,0.8341784989858012,0.9532710280373832,0.04672897196261682,0.30625,0.12625,0.5675,0.14166666666666666,0.16458333333333333,False,0.2961986802577862,False
403,0.3,0.46,0.8,0.42,0.72,0.85,0.7095833333333333,0.4448979591836735,0.17468354430379746,0.002531645569620253,0.8341784989858012,0.9532710280373832,0.04672897196261682,0.30625,0.12916666666666668,0.5645833333333333,0.14166666666666666,0.16458333333333333,False,0.2961986802577862,False
404,0.3,0.46,0.76,0.42,0.76,0.85,0.7079166666666666,0.4448979591836735,0.17468354430379746,0.002531645569620253,0.8341784989858012,0.9532710280373832,0.04672897196261682,0.30625,0.13,0.56375,0.14166666666666666,0.16458333333333333,False,0.2961986802577862,False
405,0.3,0.46,0.8,0.42,0.76,0.85,0.7070833333333333,0.4448979591836735,0.17468354430379746,0.002531645569620253,0.8341784989858012,0.9532710280373832,0.04672897196261682,0.30625,0.13333333333333333,0.5604166666666667,0.14166666666666666,0.16458333333333333,False,0.2961986802577862,False
406,0.3,0.48,0.72,0.42,0.68,0.85,0.7125,0.45100671140939597,0.17468354430379746,0.002531645569620253,0.8296146044624746,0.955607476635514,0.04439252336448598,0.3104166666666667,0.11291666666666667,0.5766666666666667,0.14583333333333334,0.16458333333333333,False,0.309890363827766,False
407,0.3,0.48,0.76,0.42,0.68,0.85,0.7108333333333333,0.45100671140939597,0.17468354430379746,0.002531645569620253,0.8296146044624746,0.955607476635514,0.04439252336448598,0.3104166666666667,0.11875,0.5708333333333333,0.14583333333333334,0.16458333333333333,False,0.309890363827766,False
408,0.3,0.48,0.8,0.42,0.68,0.85,0.7104166666666667,0.45100671140939597,0.17468354430379746,0.002531645569620253,0.8296146044624746,0.955607476635514,0.04439252336448598,0.3104166666666667,0.12166666666666667,0.5679166666666666,0.14583333333333334,0.16458333333333333,False,0.309890363827766,False
409,0.3,0.48,0.72,0.42,0.72,0.85,0.7095833333333333,0.45100671140939597,0.17468354430379746,0.002531645569620253,0.8296146044624746,0.955607476635514,0.04439252336448598,0.3104166666666667,0.11583333333333333,0.57375,0.14583333333333334,0.16458333333333333,False,0.309890363827766,False
410,0.3,0.48,0.72,0.42,0.76,0.85,0.7079166666666666,0.45100671140939597,0.17468354430379746,0.002531645569620253,0.8296146044624746,0.955607476635514,0.04439252336448598,0.3104166666666667,0.11916666666666667,0.5704166666666667,0.14583333333333334,0.16458333333333333,False,0.309890363827766,False
411,0.3,0.48,0.76,0.42,0.72,0.85,0.7075,0.45100671140939597,0.17468354430379746,0.002531645569620253,0.8296146044624746,0.955607476635514,0.04439252336448598,0.3104166666666667,0.12208333333333334,0.5675,0.14583333333333334,0.16458333333333333,False,0.309890363827766,False
412,0.3,0.48,0.8,0.42,0.72,0.85,0.7070833333333333,0.45100671140939597,0.17468354430379746,0.002531645569620253,0.8296146044624746,0.955607476635514,0.04439252336448598,0.3104166666666667,0.125,0.5645833333333333,0.14583333333333334,0.16458333333333333,False,0.309890363827766,False
413,0.3,0.48,0.76,0.42,0.76,0.85,0.7054166666666667,0.45100671140939597,0.17468354430379746,0.002531645569620253,0.8296146044624746,0.955607476635514,0.04439252336448598,0.3104166666666667,0.12583333333333332,0.56375,0.14583333333333334,0.16458333333333333,False,0.309890363827766,False
414,0.3,0.48,0.8,0.42,0.76,0.85,0.7045833333333333,0.45100671140939597,0.17468354430379746,0.002531645569620253,0.8296146044624746,0.955607476635514,0.04439252336448598,0.3104166666666667,0.12916666666666668,0.5604166666666667,0.14583333333333334,0.16458333333333333,False,0.309890363827766,False
415,0.3,0.5,0.72,0.42,0.68,0.85,0.7083333333333334,0.4613368283093054,0.17468354430379746,0.002531645569620253,0.821501014198783,0.9602803738317757,0.0397196261682243,0.3179166666666667,0.10541666666666667,0.5766666666666667,0.15333333333333332,0.16458333333333333,False,0.3342311346188409,False
416,0.3,0.5,0.76,0.42,0.68,0.85,0.7066666666666667,0.4613368283093054,0.17468354430379746,0.002531645569620253,0.821501014198783,0.9602803738317757,0.0397196261682243,0.3179166666666667,0.11125,0.5708333333333333,0.15333333333333332,0.16458333333333333,False,0.3342311346188409,False
417,0.3,0.5,0.8,0.42,0.68,0.85,0.70625,0.4613368283093054,0.17468354430379746,0.002531645569620253,0.821501014198783,0.9602803738317757,0.0397196261682243,0.3179166666666667,0.11416666666666667,0.5679166666666666,0.15333333333333332,0.16458333333333333,False,0.3342311346188409,False
418,0.3,0.5,0.72,0.42,0.72,0.85,0.7054166666666667,0.4613368283093054,0.17468354430379746,0.002531645569620253,0.821501014198783,0.9602803738317757,0.0397196261682243,0.3179166666666667,0.10833333333333334,0.57375,0.15333333333333332,0.16458333333333333,False,0.3342311346188409,False
419,0.3,0.5,0.72,0.42,0.76,0.85,0.70375,0.4613368283093054,0.17468354430379746,0.002531645569620253,0.821501014198783,0.9602803738317757,0.0397196261682243,0.3179166666666667,0.11166666666666666,0.5704166666666667,0.15333333333333332,0.16458333333333333,False,0.3342311346188409,False
420,0.3,0.5,0.76,0.42,0.72,0.85,0.7033333333333334,0.4613368283093054,0.17468354430379746,0.002531645569620253,0.821501014198783,0.9602803738317757,0.0397196261682243,0.3179166666666667,0.11458333333333333,0.5675,0.15333333333333332,0.16458333333333333,False,0.3342311346188409,False
421,0.3,0.5,0.8,0.42,0.72,0.85,0.7029166666666666,0.4613368283093054,0.17468354430379746,0.002531645569620253,0.821501014198783,0.9602803738317757,0.0397196261682243,0.3179166666666667,0.1175,0.5645833333333333,0.15333333333333332,0.16458333333333333,False,0.3342311346188409,False
422,0.3,0.5,0.76,0.42,0.76,0.85,0.70125,0.4613368283093054,0.17468354430379746,0.002531645569620253,0.821501014198783,0.9602803738317757,0.0397196261682243,0.3179166666666667,0.11833333333333333,0.56375,0.15333333333333332,0.16458333333333333,False,0.3342311346188409,False
423,0.3,0.5,0.8,0.42,0.76,0.85,0.7004166666666667,0.4613368283093054,0.17468354430379746,0.002531645569620253,0.821501014198783,0.9602803738317757,0.0397196261682243,0.3179166666666667,0.12166666666666667,0.5604166666666667,0.15333333333333332,0.16458333333333333,False,0.3342311346188409,False
424,0.3,0.52,0.72,0.42,0.68,0.85,0.70375,0.46983311938382544,0.17468354430379746,0.002531645569620253,0.8144016227180527,0.9649532710280374,0.035046728971962614,0.32458333333333333,0.09875,0.5766666666666667,0.16,0.16458333333333333,False,0.35552930906103164,False
425,0.3,0.52,0.76,0.42,0.68,0.85,0.7020833333333333,0.46983311938382544,0.17468354430379746,0.002531645569620253,0.8144016227180527,0.9649532710280374,0.035046728971962614,0.32458333333333333,0.10458333333333333,0.5708333333333333,0.16,0.16458333333333333,False,0.35552930906103164,False
426,0.3,0.52,0.8,0.42,0.68,0.85,0.7016666666666667,0.46983311938382544,0.17468354430379746,0.002531645569620253,0.8144016227180527,0.9649532710280374,0.035046728971962614,0.32458333333333333,0.1075,0.5679166666666666,0.16,0.16458333333333333,False,0.35552930906103164,False
427,0.3,0.52,0.72,0.42,0.72,0.85,0.7008333333333333,0.4705128205128205,0.17468354430379746,0.002531645569620253,0.813894523326572,0.9649532710280374,0.035046728971962614,0.325,0.10125,0.57375,0.16041666666666668,0.16458333333333333,False,0.3570506072354739,False
428,0.3,0.52,0.72,0.42,0.76,0.85,0.6991666666666667,0.4705128205128205,0.17468354430379746,0.002531645569620253,0.813894523326572,0.9649532710280374,0.035046728971962614,0.325,0.10458333333333333,0.5704166666666667,0.16041666666666668,0.16458333333333333,False,0.3570506072354739,False
429,0.3,0.52,0.76,0.42,0.72,0.85,0.69875,0.4705128205128205,0.17468354430379746,0.002531645569620253,0.813894523326572,0.9649532710280374,0.035046728971962614,0.325,0.1075,0.5675,0.16041666666666668,0.16458333333333333,False,0.3570506072354739,False
430,0.3,0.52,0.8,0.42,0.72,0.85,0.6983333333333334,0.4705128205128205,0.17468354430379746,0.002531645569620253,0.813894523326572,0.9649532710280374,0.035046728971962614,0.325,0.11041666666666666,0.5645833333333333,0.16041666666666668,0.16458333333333333,False,0.3570506072354739,False
431,0.3,0.52,0.76,0.42,0.76,0.85,0.6966666666666667,0.4705128205128205,0.17468354430379746,0.002531645569620253,0.813894523326572,0.9649532710280374,0.035046728971962614,0.325,0.11125,0.56375,0.16041666666666668,0.16458333333333333,False,0.3570506072354739,False
432,0.3,0.52,0.8,0.42,0.76,0.85,0.6958333333333333,0.4705128205128205,0.17468354430379746,0.002531645569620253,0.813894523326572,0.9649532710280374,0.035046728971962614,0.325,0.11458333333333333,0.5604166666666667,0.16041666666666668,0.16458333333333333,False,0.3570506072354739,False
433,0.33,0.46,0.72,0.34,0.68,0.85,0.7504166666666666,0.38413685847589424,0.22,0.0022222222222222222,0.8747464503042597,0.9252336448598131,0.07476635514018691,0.2679166666666667,0.15541666666666668,0.5766666666666667,0.08041666666666666,0.1875,False,0.4,False
434,0.33,0.46,0.76,0.34,0.68,0.85,0.74875,0.38413685847589424,0.22,0.0022222222222222222,0.8747464503042597,0.9252336448598131,0.07476635514018691,0.2679166666666667,0.16125,0.5708333333333333,0.08041666666666666,0.1875,False,0.4,False
435,0.33,0.46,0.8,0.34,0.68,0.85,0.7483333333333333,0.38413685847589424,0.22,0.0022222222222222222,0.8747464503042597,0.9252336448598131,0.07476635514018691,0.2679166666666667,0.16416666666666666,0.5679166666666666,0.08041666666666666,0.1875,False,0.4,False
436,0.33,0.48,0.72,0.34,0.68,0.85,0.7479166666666667,0.39203675344563554,0.22,0.0022222222222222222,0.8701825557809331,0.927570093457944,0.07242990654205607,0.27208333333333334,0.15125,0.5766666666666667,0.08458333333333333,0.1875,False,0.4,False
437,0.33,0.46,0.72,0.34,0.72,0.85,0.7475,0.38413685847589424,0.22,0.0022222222222222222,0.8747464503042597,0.9252336448598131,0.07476635514018691,0.2679166666666667,0.15833333333333333,0.57375,0.08041666666666666,0.1875,False,0.4,False
438,0.33,0.48,0.76,0.34,0.68,0.85,0.74625,0.39203675344563554,0.22,0.0022222222222222222,0.8701825557809331,0.927570093457944,0.07242990654205607,0.27208333333333334,0.15708333333333332,0.5708333333333333,0.08458333333333333,0.1875,False,0.4,False
439,0.33,0.48,0.8,0.34,0.68,0.85,0.7458333333333333,0.39203675344563554,0.22,0.0022222222222222222,0.8701825557809331,0.927570093457944,0.07242990654205607,0.27208333333333334,0.16,0.5679166666666666,0.08458333333333333,0.1875,False,0.4,False
440,0.33,0.46,0.72,0.34,0.76,0.85,0.7458333333333333,0.38413685847589424,0.22,0.0022222222222222222,0.8747464503042597,0.9252336448598131,0.07476635514018691,0.2679166666666667,0.16166666666666665,0.5704166666666667,0.08041666666666666,0.1875,False,0.4,False
441,0.33,0.46,0.76,0.34,0.72,0.85,0.7454166666666666,0.38413685847589424,0.22,0.0022222222222222222,0.8747464503042597,0.9252336448598131,0.07476635514018691,0.2679166666666667,0.16458333333333333,0.5675,0.08041666666666666,0.1875,False,0.4,False
442,0.33,0.48,0.72,0.34,0.72,0.85,0.745,0.39203675344563554,0.22,0.0022222222222222222,0.8701825557809331,0.927570093457944,0.07242990654205607,0.27208333333333334,0.15416666666666667,0.57375,0.08458333333333333,0.1875,False,0.4,False
443,0.33,0.46,0.8,0.34,0.72,0.85,0.745,0.38413685847589424,0.22,0.0022222222222222222,0.8747464503042597,0.9252336448598131,0.07476635514018691,0.2679166666666667,0.1675,0.5645833333333333,0.08041666666666666,0.1875,False,0.4,False
444,0.33,0.5,0.72,0.34,0.68,0.85,0.74375,0.40536512667660207,0.22,0.0022222222222222222,0.8620689655172413,0.9322429906542056,0.06775700934579439,0.27958333333333335,0.14375,0.5766666666666667,0.09208333333333334,0.1875,False,0.4,False
445,0.33,0.48,0.72,0.34,0.76,0.85,0.7433333333333333,0.39203675344563554,0.22,0.0022222222222222222,0.8701825557809331,0.927570093457944,0.07242990654205607,0.27208333333333334,0.1575,0.5704166666666667,0.08458333333333333,0.1875,False,0.4,False
446,0.33,0.46,0.76,0.34,0.76,0.85,0.7433333333333333,0.38413685847589424,0.22,0.0022222222222222222,0.8747464503042597,0.9252336448598131,0.07476635514018691,0.2679166666666667,0.16833333333333333,0.56375,0.08041666666666666,0.1875,False,0.4,False
447,0.33,0.48,0.76,0.34,0.72,0.85,0.7429166666666667,0.39203675344563554,0.22,0.0022222222222222222,0.8701825557809331,0.927570093457944,0.07242990654205607,0.27208333333333334,0.16041666666666668,0.5675,0.08458333333333333,0.1875,False,0.4,False
448,0.33,0.46,0.72,0.38,0.68,0.85,0.7425,0.3988005997001499,0.22,0.0022222222222222222,0.8651115618661258,0.9369158878504673,0.0630841121495327,0.27791666666666665,0.14541666666666667,0.5766666666666667,0.09041666666666667,0.1875,False,0.4,False
449,0.33,0.48,0.8,0.34,0.72,0.85,0.7425,0.39203675344563554,0.22,0.0022222222222222222,0.8701825557809331,0.927570093457944,0.07242990654205607,0.27208333333333334,0.16333333333333333,0.5645833333333333,0.08458333333333333,0.1875,False,0.4,False
450,0.33,0.46,0.8,0.34,0.76,0.85,0.7425,0.38413685847589424,0.22,0.0022222222222222222,0.8747464503042597,0.9252336448598131,0.07476635514018691,0.2679166666666667,0.17166666666666666,0.5604166666666667,0.08041666666666666,0.1875,False,0.4,False
451,0.33,0.5,0.76,0.34,0.68,0.85,0.7420833333333333,0.40536512667660207,0.22,0.0022222222222222222,0.8620689655172413,0.9322429906542056,0.06775700934579439,0.27958333333333335,0.14958333333333335,0.5708333333333333,0.09208333333333334,0.1875,False,0.4,False
452,0.33,0.5,0.8,0.34,0.68,0.85,0.7416666666666667,0.40536512667660207,0.22,0.0022222222222222222,0.8620689655172413,0.9322429906542056,0.06775700934579439,0.27958333333333335,0.1525,0.5679166666666666,0.09208333333333334,0.1875,False,0.4,False
453,0.33,0.5,0.72,0.34,0.72,0.85,0.7408333333333333,0.40536512667660207,0.22,0.0022222222222222222,0.8620689655172413,0.9322429906542056,0.06775700934579439,0.27958333333333335,0.14666666666666667,0.57375,0.09208333333333334,0.1875,False,0.4,False
454,0.33,0.46,0.76,0.38,0.68,0.85,0.7408333333333333,0.3988005997001499,0.22,0.0022222222222222222,0.8651115618661258,0.9369158878504673,0.0630841121495327,0.27791666666666665,0.15125,0.5708333333333333,0.09041666666666667,0.1875,False,0.4,False
455,0.33,0.48,0.76,0.34,0.76,0.85,0.7408333333333333,0.39203675344563554,0.22,0.0022222222222222222,0.8701825557809331,0.927570093457944,0.07242990654205607,0.27208333333333334,0.16416666666666666,0.56375,0.08458333333333333,0.1875,False,0.4,False
456,0.33,0.46,0.8,0.38,0.68,0.85,0.7404166666666666,0.3988005997001499,0.22,0.0022222222222222222,0.8651115618661258,0.9369158878504673,0.0630841121495327,0.27791666666666665,0.15416666666666667,0.5679166666666666,0.09041666666666667,0.1875,False,0.4,False
457,0.33,0.48,0.72,0.38,0.68,0.85,0.74,0.40620384047267355,0.22,0.0022222222222222222,0.8605476673427992,0.9392523364485982,0.06074766355140187,0.28208333333333335,0.14125,0.5766666666666667,0.09458333333333334,0.1875,False,0.4,False
458,0.33,0.48,0.8,0.34,0.76,0.85,0.74,0.39203675344563554,0.22,0.0022222222222222222,0.8701825557809331,0.927570093457944,0.07242990654205607,0.27208333333333334,0.1675,0.5604166666666667,0.08458333333333333,0.1875,False,0.4,False
459,0.33,0.46,0.72,0.38,0.72,0.85,0.7395833333333334,0.3988005997001499,0.22,0.0022222222222222222,0.8651115618661258,0.9369158878504673,0.0630841121495327,0.27791666666666665,0.14833333333333334,0.57375,0.09041666666666667,0.1875,False,0.4,False
460,0.33,0.5,0.72,0.34,0.76,0.85,0.7391666666666666,0.40536512667660207,0.22,0.0022222222222222222,0.8620689655172413,0.9322429906542056,0.06775700934579439,0.27958333333333335,0.15,0.5704166666666667,0.09208333333333334,0.1875,False,0.4,False
461,0.33,0.5,0.76,0.34,0.72,0.85,0.73875,0.40536512667660207,0.22,0.0022222222222222222,0.8620689655172413,0.9322429906542056,0.06775700934579439,0.27958333333333335,0.15291666666666667,0.5675,0.09208333333333334,0.1875,False,0.4,False
462,0.33,0.48,0.76,0.38,0.68,0.85,0.7383333333333333,0.40620384047267355,0.22,0.0022222222222222222,0.8605476673427992,0.9392523364485982,0.06074766355140187,0.28208333333333335,0.14708333333333334,0.5708333333333333,0.09458333333333334,0.1875,False,0.4,False
463,0.33,0.5,0.8,0.34,0.72,0.85,0.7383333333333333,0.40536512667660207,0.22,0.0022222222222222222,0.8620689655172413,0.9322429906542056,0.06775700934579439,0.27958333333333335,0.15583333333333332,0.5645833333333333,0.09208333333333334,0.1875,False,0.4,False
464,0.33,0.48,0.8,0.38,0.68,0.85,0.7379166666666667,0.40620384047267355,0.22,0.0022222222222222222,0.8605476673427992,0.9392523364485982,0.06074766355140187,0.28208333333333335,0.15,0.5679166666666666,0.09458333333333334,0.1875,False,0.4,False
465,0.33,0.46,0.72,0.38,0.76,0.85,0.7379166666666667,0.3988005997001499,0.22,0.0022222222222222222,0.8651115618661258,0.9369158878504673,0.0630841121495327,0.27791666666666665,0.15166666666666667,0.5704166666666667,0.09041666666666667,0.1875,False,0.4,False
466,0.33,0.46,0.76,0.38,0.72,0.85,0.7375,0.3988005997001499,0.22,0.0022222222222222222,0.8651115618661258,0.9369158878504673,0.0630841121495327,0.27791666666666665,0.15458333333333332,0.5675,0.09041666666666667,0.1875,False,0.4,False
467,0.33,0.48,0.72,0.38,0.72,0.85,0.7370833333333333,0.40620384047267355,0.22,0.0022222222222222222,0.8605476673427992,0.9392523364485982,0.06074766355140187,0.28208333333333335,0.14416666666666667,0.57375,0.09458333333333334,0.1875,False,0.4,False
468,0.33,0.46,0.8,0.38,0.72,0.85,0.7370833333333333,0.3988005997001499,0.22,0.0022222222222222222,0.8651115618661258,0.9369158878504673,0.0630841121495327,0.27791666666666665,0.1575,0.5645833333333333,0.09041666666666667,0.1875,False,0.4,False
469,0.33,0.5,0.76,0.34,0.76,0.85,0.7366666666666667,0.40536512667660207,0.22,0.0022222222222222222,0.8620689655172413,0.9322429906542056,0.06775700934579439,0.27958333333333335,0.15666666666666668,0.56375,0.09208333333333334,0.1875,False,0.4,False
470,0.33,0.5,0.8,0.34,0.76,0.85,0.7358333333333333,0.40536512667660207,0.22,0.0022222222222222222,0.8620689655172413,0.9322429906542056,0.06775700934579439,0.27958333333333335,0.16,0.5604166666666667,0.09208333333333334,0.1875,False,0.4,False
471,0.33,0.48,0.72,0.38,0.76,0.85,0.7354166666666667,0.40620384047267355,0.22,0.0022222222222222222,0.8605476673427992,0.9392523364485982,0.06074766355140187,0.28208333333333335,0.1475,0.5704166666666667,0.09458333333333334,0.1875,False,0.4,False
472,0.33,0.46,0.76,0.38,0.76,0.85,0.7354166666666667,0.3988005997001499,0.22,0.0022222222222222222,0.8651115618661258,0.9369158878504673,0.0630841121495327,0.27791666666666665,0.15833333333333333,0.56375,0.09041666666666667,0.1875,False,0.4,False
473,0.33,0.48,0.76,0.38,0.72,0.85,0.735,0.40620384047267355,0.22,0.0022222222222222222,0.8605476673427992,0.9392523364485982,0.06074766355140187,0.28208333333333335,0.15041666666666667,0.5675,0.09458333333333334,0.1875,False,0.4,False
474,0.33,0.48,0.8,0.38,0.72,0.85,0.7345833333333334,0.40620384047267355,0.22,0.0022222222222222222,0.8605476673427992,0.9392523364485982,0.06074766355140187,0.28208333333333335,0.15333333333333332,0.5645833333333333,0.09458333333333334,0.1875,False,0.4,False
475,0.33,0.46,0.8,0.38,0.76,0.85,0.7345833333333334,0.3988005997001499,0.22,0.0022222222222222222,0.8651115618661258,0.9369158878504673,0.0630841121495327,0.27791666666666665,0.16166666666666665,0.5604166666666667,0.09041666666666667,0.1875,False,0.4,False
476,0.33,0.48,0.76,0.38,0.76,0.85,0.7329166666666667,0.40620384047267355,0.22,0.0022222222222222222,0.8605476673427992,0.9392523364485982,0.06074766355140187,0.28208333333333335,0.15416666666666667,0.56375,0.09458333333333334,0.1875,False,0.4,False
477,0.33,0.48,0.8,0.38,0.76,0.85,0.7320833333333333,0.40620384047267355,0.22,0.0022222222222222222,0.8605476673427992,0.9392523364485982,0.06074766355140187,0.28208333333333335,0.1575,0.5604166666666667,0.09458333333333334,0.1875,False,0.4,False
478,0.33,0.52,0.72,0.34,0.68,0.85,0.7391666666666666,0.4163027656477438,0.22,0.0022222222222222222,0.8549695740365112,0.9369158878504673,0.0630841121495327,0.28625,0.13708333333333333,0.5766666666666667,0.09875,0.1875,False,0.4150912778904664,False
479,0.33,0.52,0.76,0.34,0.68,0.85,0.7375,0.4163027656477438,0.22,0.0022222222222222222,0.8549695740365112,0.9369158878504673,0.0630841121495327,0.28625,0.14291666666666666,0.5708333333333333,0.09875,0.1875,False,0.4150912778904664,False
480,0.33,0.52,0.8,0.34,0.68,0.85,0.7370833333333333,0.4163027656477438,0.22,0.0022222222222222222,0.8549695740365112,0.9369158878504673,0.0630841121495327,0.28625,0.14583333333333334,0.5679166666666666,0.09875,0.1875,False,0.4150912778904664,False
481,0.33,0.52,0.72,0.34,0.72,0.85,0.73625,0.4171511627906977,0.22,0.0022222222222222222,0.8544624746450304,0.9369158878504673,0.0630841121495327,0.2866666666666667,0.13958333333333334,0.57375,0.09916666666666667,0.1875,False,0.41661257606490865,False
482,0.33,0.52,0.72,0.34,0.76,0.85,0.7345833333333334,0.4171511627906977,0.22,0.0022222222222222222,0.8544624746450304,0.9369158878504673,0.0630841121495327,0.2866666666666667,0.14291666666666666,0.5704166666666667,0.09916666666666667,0.1875,False,0.41661257606490865,False
483,0.33,0.52,0.76,0.34,0.72,0.85,0.7341666666666666,0.4171511627906977,0.22,0.0022222222222222222,0.8544624746450304,0.9369158878504673,0.0630841121495327,0.2866666666666667,0.14583333333333334,0.5675,0.09916666666666667,0.1875,False,0.41661257606490865,False
484,0.33,0.52,0.8,0.34,0.72,0.85,0.73375,0.4171511627906977,0.22,0.0022222222222222222,0.8544624746450304,0.9369158878504673,0.0630841121495327,0.2866666666666667,0.14875,0.5645833333333333,0.09916666666666667,0.1875,False,0.41661257606490865,False
485,0.33,0.52,0.76,0.34,0.76,0.85,0.7320833333333333,0.4171511627906977,0.22,0.0022222222222222222,0.8544624746450304,0.9369158878504673,0.0630841121495327,0.2866666666666667,0.14958333333333335,0.56375,0.09916666666666667,0.1875,False,0.41661257606490865,False
486,0.33,0.52,0.8,0.34,0.76,0.85,0.73125,0.4171511627906977,0.22,0.0022222222222222222,0.8544624746450304,0.9369158878504673,0.0630841121495327,0.2866666666666667,0.15291666666666667,0.5604166666666667,0.09916666666666667,0.1875,False,0.41661257606490865,False
487,0.33,0.5,0.72,0.38,0.68,0.85,0.7358333333333333,0.418705035971223,0.22,0.0022222222222222222,0.8524340770791075,0.9439252336448598,0.056074766355140186,0.28958333333333336,0.13375,0.5766666666666667,0.10208333333333333,0.1875,False,0.4226977687626776,False
488,0.33,0.5,0.76,0.38,0.68,0.85,0.7341666666666666,0.418705035971223,0.22,0.0022222222222222222,0.8524340770791075,0.9439252336448598,0.056074766355140186,0.28958333333333336,0.13958333333333334,0.5708333333333333,0.10208333333333333,0.1875,False,0.4226977687626776,False
489,0.33,0.5,0.8,0.38,0.68,0.85,0.73375,0.418705035971223,0.22,0.0022222222222222222,0.8524340770791075,0.9439252336448598,0.056074766355140186,0.28958333333333336,0.1425,0.5679166666666666,0.10208333333333333,0.1875,False,0.4226977687626776,False
490,0.33,0.5,0.72,0.38,0.72,0.85,0.7329166666666667,0.418705035971223,0.22,0.0022222222222222222,0.8524340770791075,0.9439252336448598,0.056074766355140186,0.28958333333333336,0.13666666666666666,0.57375,0.10208333333333333,0.1875,False,0.4226977687626776,False
491,0.33,0.5,0.72,0.38,0.76,0.85,0.73125,0.418705035971223,0.22,0.0022222222222222222,0.8524340770791075,0.9439252336448598,0.056074766355140186,0.28958333333333336,0.14,0.5704166666666667,0.10208333333333333,0.1875,False,0.4226977687626776,False
492,0.33,0.5,0.76,0.38,0.72,0.85,0.7308333333333333,0.418705035971223,0.22,0.0022222222222222222,0.8524340770791075,0.9439252336448598,0.056074766355140186,0.28958333333333336,0.14291666666666666,0.5675,0.10208333333333333,0.1875,False,0.4226977687626776,False
493,0.33,0.5,0.8,0.38,0.72,0.85,0.7304166666666667,0.418705035971223,0.22,0.0022222222222222222,0.8524340770791075,0.9439252336448598,0.056074766355140186,0.28958333333333336,0.14583333333333334,0.5645833333333333,0.10208333333333333,0.1875,False,0.4226977687626776,False
494,0.33,0.5,0.76,0.38,0.76,0.85,0.72875,0.418705035971223,0.22,0.0022222222222222222,0.8524340770791075,0.9439252336448598,0.056074766355140186,0.28958333333333336,0.14666666666666667,0.56375,0.10208333333333333,0.1875,False,0.4226977687626776,False
495,0.33,0.5,0.8,0.38,0.76,0.85,0.7279166666666667,0.418705035971223,0.22,0.0022222222222222222,0.8524340770791075,0.9439252336448598,0.056074766355140186,0.28958333333333336,0.15,0.5604166666666667,0.10208333333333333,0.1875,False,0.4226977687626776,False
496,0.33,0.52,0.72,0.38,0.68,0.85,0.73125,0.4289732770745429,0.22,0.0022222222222222222,0.8453346855983773,0.9485981308411215,0.0514018691588785,0.29625,0.12708333333333333,0.5766666666666667,0.10875,0.1875,False,0.443995943204868,False
497,0.33,0.52,0.76,0.38,0.68,0.85,0.7295833333333334,0.4289732770745429,0.22,0.0022222222222222222,0.8453346855983773,0.9485981308411215,0.0514018691588785,0.29625,0.13291666666666666,0.5708333333333333,0.10875,0.1875,False,0.443995943204868,False
498,0.33,0.52,0.8,0.38,0.68,0.85,0.7291666666666666,0.4289732770745429,0.22,0.0022222222222222222,0.8453346855983773,0.9485981308411215,0.0514018691588785,0.29625,0.13583333333333333,0.5679166666666666,0.10875,0.1875,False,0.443995943204868,False
499,0.33,0.52,0.72,0.38,0.72,0.85,0.7283333333333334,0.4297752808988764,0.22,0.0022222222222222222,0.8448275862068966,0.9485981308411215,0.0514018691588785,0.2966666666666667,0.12958333333333333,0.57375,0.10916666666666666,0.1875,False,0.44551724137931026,False
500,0.33,0.52,0.72,0.38,0.76,0.85,0.7266666666666667,0.4297752808988764,0.22,0.0022222222222222222,0.8448275862068966,0.9485981308411215,0.0514018691588785,0.2966666666666667,0.13291666666666666,0.5704166666666667,0.10916666666666666,0.1875,False,0.44551724137931026,False
501,0.33,0.52,0.76,0.38,0.72,0.85,0.72625,0.4297752808988764,0.22,0.0022222222222222222,0.8448275862068966,0.9485981308411215,0.0514018691588785,0.2966666666666667,0.13583333333333333,0.5675,0.10916666666666666,0.1875,False,0.44551724137931026,False
502,0.33,0.52,0.8,0.38,0.72,0.85,0.7258333333333333,0.4297752808988764,0.22,0.0022222222222222222,0.8448275862068966,0.9485981308411215,0.0514018691588785,0.2966666666666667,0.13875,0.5645833333333333,0.10916666666666666,0.1875,False,0.44551724137931026,False
503,0.33,0.52,0.76,0.38,0.76,0.85,0.7241666666666666,0.4297752808988764,0.22,0.0022222222222222222,0.8448275862068966,0.9485981308411215,0.0514018691588785,0.2966666666666667,0.13958333333333334,0.56375,0.10916666666666666,0.1875,False,0.44551724137931026,False
504,0.33,0.52,0.8,0.38,0.76,0.85,0.7233333333333334,0.4297752808988764,0.22,0.0022222222222222222,0.8448275862068966,0.9485981308411215,0.0514018691588785,0.2966666666666667,0.14291666666666666,0.5604166666666667,0.10916666666666666,0.1875,False,0.44551724137931026,False
505,0.33,0.46,0.72,0.42,0.68,0.85,0.7179166666666666,0.4448979591836735,0.22,0.0022222222222222222,0.8341784989858012,0.9532710280373832,0.04672897196261682,0.30625,0.11708333333333333,0.5766666666666667,0.11875,0.1875,False,0.47746450304259636,False
506,0.33,0.46,0.76,0.42,0.68,0.85,0.71625,0.4448979591836735,0.22,0.0022222222222222222,0.8341784989858012,0.9532710280373832,0.04672897196261682,0.30625,0.12291666666666666,0.5708333333333333,0.11875,0.1875,False,0.47746450304259636,False
507,0.33,0.46,0.8,0.42,0.68,0.85,0.7158333333333333,0.4448979591836735,0.22,0.0022222222222222222,0.8341784989858012,0.9532710280373832,0.04672897196261682,0.30625,0.12583333333333332,0.5679166666666666,0.11875,0.1875,False,0.47746450304259636,False
508,0.33,0.46,0.72,0.42,0.72,0.85,0.715,0.4448979591836735,0.22,0.0022222222222222222,0.8341784989858012,0.9532710280373832,0.04672897196261682,0.30625,0.12,0.57375,0.11875,0.1875,False,0.47746450304259636,False
509,0.33,0.46,0.72,0.42,0.76,0.85,0.7133333333333334,0.4448979591836735,0.22,0.0022222222222222222,0.8341784989858012,0.9532710280373832,0.04672897196261682,0.30625,0.12333333333333334,0.5704166666666667,0.11875,0.1875,False,0.47746450304259636,False
510,0.33,0.46,0.76,0.42,0.72,0.85,0.7129166666666666,0.4448979591836735,0.22,0.0022222222222222222,0.8341784989858012,0.9532710280373832,0.04672897196261682,0.30625,0.12625,0.5675,0.11875,0.1875,False,0.47746450304259636,False
511,0.33,0.46,0.8,0.42,0.72,0.85,0.7125,0.4448979591836735,0.22,0.0022222222222222222,0.8341784989858012,0.9532710280373832,0.04672897196261682,0.30625,0.12916666666666668,0.5645833333333333,0.11875,0.1875,False,0.47746450304259636,False
512,0.33,0.46,0.76,0.42,0.76,0.85,0.7108333333333333,0.4448979591836735,0.22,0.0022222222222222222,0.8341784989858012,0.9532710280373832,0.04672897196261682,0.30625,0.13,0.56375,0.11875,0.1875,False,0.47746450304259636,False
513,0.33,0.46,0.8,0.42,0.76,0.85,0.71,0.4448979591836735,0.22,0.0022222222222222222,0.8341784989858012,0.9532710280373832,0.04672897196261682,0.30625,0.13333333333333333,0.5604166666666667,0.11875,0.1875,False,0.47746450304259636,False
514,0.33,0.48,0.72,0.42,0.68,0.85,0.7154166666666667,0.45100671140939597,0.22,0.0022222222222222222,0.8296146044624746,0.955607476635514,0.04439252336448598,0.3104166666666667,0.11291666666666667,0.5766666666666667,0.12291666666666666,0.1875,False,0.4911561866125762,False
515,0.33,0.48,0.76,0.42,0.68,0.85,0.71375,0.45100671140939597,0.22,0.0022222222222222222,0.8296146044624746,0.955607476635514,0.04439252336448598,0.3104166666666667,0.11875,0.5708333333333333,0.12291666666666666,0.1875,False,0.4911561866125762,False
516,0.33,0.48,0.8,0.42,0.68,0.85,0.7133333333333334,0.45100671140939597,0.22,0.0022222222222222222,0.8296146044624746,0.955607476635514,0.04439252336448598,0.3104166666666667,0.12166666666666667,0.5679166666666666,0.12291666666666666,0.1875,False,0.4911561866125762,False
517,0.33,0.48,0.72,0.42,0.72,0.85,0.7125,0.45100671140939597,0.22,0.0022222222222222222,0.8296146044624746,0.955607476635514,0.04439252336448598,0.3104166666666667,0.11583333333333333,0.57375,0.12291666666666666,0.1875,False,0.4911561866125762,False
518,0.33,0.48,0.72,0.42,0.76,0.85,0.7108333333333333,0.45100671140939597,0.22,0.0022222222222222222,0.8296146044624746,0.955607476635514,0.04439252336448598,0.3104166666666667,0.11916666666666667,0.5704166666666667,0.12291666666666666,0.1875,False,0.4911561866125762,False
519,0.33,0.48,0.76,0.42,0.72,0.85,0.7104166666666667,0.45100671140939597,0.22,0.0022222222222222222,0.8296146044624746,0.955607476635514,0.04439252336448598,0.3104166666666667,0.12208333333333334,0.5675,0.12291666666666666,0.1875,False,0.4911561866125762,False
520,0.33,0.48,0.8,0.42,0.72,0.85,0.71,0.45100671140939597,0.22,0.0022222222222222222,0.8296146044624746,0.955607476635514,0.04439252336448598,0.3104166666666667,0.125,0.5645833333333333,0.12291666666666666,0.1875,False,0.4911561866125762,False
521,0.33,0.48,0.76,0.42,0.76,0.85,0.7083333333333334,0.45100671140939597,0.22,0.0022222222222222222,0.8296146044624746,0.955607476635514,0.04439252336448598,0.3104166666666667,0.12583333333333332,0.56375,0.12291666666666666,0.1875,False,0.4911561866125762,False
522,0.33,0.48,0.8,0.42,0.76,0.85,0.7075,0.45100671140939597,0.22,0.0022222222222222222,0.8296146044624746,0.955607476635514,0.04439252336448598,0.3104166666666667,0.12916666666666668,0.5604166666666667,0.12291666666666666,0.1875,False,0.4911561866125762,False
523,0.33,0.5,0.72,0.42,0.68,0.85,0.71125,0.4613368283093054,0.22,0.0022222222222222222,0.821501014198783,0.9602803738317757,0.0397196261682243,0.3179166666666667,0.10541666666666667,0.5766666666666667,0.13041666666666665,0.1875,False,0.5154969574036511,False
524,0.33,0.5,0.76,0.42,0.68,0.85,0.7095833333333333,0.4613368283093054,0.22,0.0022222222222222222,0.821501014198783,0.9602803738317757,0.0397196261682243,0.3179166666666667,0.11125,0.5708333333333333,0.13041666666666665,0.1875,False,0.5154969574036511,False
525,0.33,0.5,0.8,0.42,0.68,0.85,0.7091666666666666,0.4613368283093054,0.22,0.0022222222222222222,0.821501014198783,0.9602803738317757,0.0397196261682243,0.3179166666666667,0.11416666666666667,0.5679166666666666,0.13041666666666665,0.1875,False,0.5154969574036511,False
526,0.33,0.5,0.72,0.42,0.72,0.85,0.7083333333333334,0.4613368283093054,0.22,0.0022222222222222222,0.821501014198783,0.9602803738317757,0.0397196261682243,0.3179166666666667,0.10833333333333334,0.57375,0.13041666666666665,0.1875,False,0.5154969574036511,False
527,0.33,0.5,0.72,0.42,0.76,0.85,0.7066666666666667,0.4613368283093054,0.22,0.0022222222222222222,0.821501014198783,0.9602803738317757,0.0397196261682243,0.3179166666666667,0.11166666666666666,0.5704166666666667,0.13041666666666665,0.1875,False,0.5154969574036511,False
528,0.33,0.5,0.76,0.42,0.72,0.85,0.70625,0.4613368283093054,0.22,0.0022222222222222222,0.821501014198783,0.9602803738317757,0.0397196261682243,0.3179166666666667,0.11458333333333333,0.5675,0.13041666666666665,0.1875,False,0.5154969574036511,False
529,0.33,0.5,0.8,0.42,0.72,0.85,0.7058333333333333,0.4613368283093054,0.22,0.0022222222222222222,0.821501014198783,0.9602803738317757,0.0397196261682243,0.3179166666666667,0.1175,0.5645833333333333,0.13041666666666665,0.1875,False,0.5154969574036511,False
530,0.33,0.5,0.76,0.42,0.76,0.85,0.7041666666666667,0.4613368283093054,0.22,0.0022222222222222222,0.821501014198783,0.9602803738317757,0.0397196261682243,0.3179166666666667,0.11833333333333333,0.56375,0.13041666666666665,0.1875,False,0.5154969574036511,False
531,0.33,0.5,0.8,0.42,0.76,0.85,0.7033333333333334,0.4613368283093054,0.22,0.0022222222222222222,0.821501014198783,0.9602803738317757,0.0397196261682243,0.3179166666666667,0.12166666666666667,0.5604166666666667,0.13041666666666665,0.1875,False,0.5154969574036511,False
532,0.33,0.52,0.72,0.42,0.68,0.85,0.7066666666666667,0.46983311938382544,0.22,0.0022222222222222222,0.8144016227180527,0.9649532710280374,0.035046728971962614,0.32458333333333333,0.09875,0.5766666666666667,0.13708333333333333,0.1875,False,0.5367951318458418,False
533,0.33,0.52,0.76,0.42,0.68,0.85,0.705,0.46983311938382544,0.22,0.0022222222222222222,0.8144016227180527,0.9649532710280374,0.035046728971962614,0.32458333333333333,0.10458333333333333,0.5708333333333333,0.13708333333333333,0.1875,False,0.5367951318458418,False
534,0.33,0.52,0.8,0.42,0.68,0.85,0.7045833333333333,0.46983311938382544,0.22,0.0022222222222222222,0.8144016227180527,0.9649532710280374,0.035046728971962614,0.32458333333333333,0.1075,0.5679166666666666,0.13708333333333333,0.1875,False,0.5367951318458418,False
535,0.33,0.52,0.72,0.42,0.72,0.85,0.70375,0.4705128205128205,0.22,0.0022222222222222222,0.813894523326572,0.9649532710280374,0.035046728971962614,0.325,0.10125,0.57375,0.1375,0.1875,False,0.5383164300202841,False
536,0.33,0.52,0.72,0.42,0.76,0.85,0.7020833333333333,0.4705128205128205,0.22,0.0022222222222222222,0.813894523326572,0.9649532710280374,0.035046728971962614,0.325,0.10458333333333333,0.5704166666666667,0.1375,0.1875,False,0.5383164300202841,False
537,0.33,0.52,0.76,0.42,0.72,0.85,0.7016666666666667,0.4705128205128205,0.22,0.0022222222222222222,0.813894523326572,0.9649532710280374,0.035046728971962614,0.325,0.1075,0.5675,0.1375,0.1875,False,0.5383164300202841,False
538,0.33,0.52,0.8,0.42,0.72,0.85,0.70125,0.4705128205128205,0.22,0.0022222222222222222,0.813894523326572,0.9649532710280374,0.035046728971962614,0.325,0.11041666666666666,0.5645833333333333,0.1375,0.1875,False,0.5383164300202841,False
539,0.33,0.52,0.76,0.42,0.76,0.85,0.6995833333333333,0.4705128205128205,0.22,0.0022222222222222222,0.813894523326572,0.9649532710280374,0.035046728971962614,0.325,0.11125,0.56375,0.1375,0.1875,False,0.5383164300202841,False
540,0.33,0.52,0.8,0.42,0.76,0.85,0.69875,0.4705128205128205,0.22,0.0022222222222222222,0.813894523326572,0.9649532710280374,0.035046728971962614,0.325,0.11458333333333333,0.5604166666666667,0.1375,0.1875,False,0.5383164300202841,False
